id,title,description,link,categories_id,categories_title,sources_id,sources_url,date,type,coordinates
EONET_6469,Tropical Cyclone Alvaro,,https://eonet.gsfc.nasa.gov/api/v2.1/events/EONET_6469,10,Severe Storms,JTWC,https://www.metoc.navy.mil/jtwc/products/sh0424.tcw,2023-12-31T12:00:00Z,Point,"[39, -20.4]"
EONET_6468,"Reykjanes Volcano, Iceland",,https://eonet.gsfc.nasa.gov/api/v2.1/events/EONET_6468,12,Volcanoes,SIVolcano,https://volcano.si.edu/volcano.cfm?vn=371020,2023-12-19T00:00:00Z,Point,"[-22.717, 63.817]"
EONET_6465,Iceberg A82,,https://eonet.gsfc.nasa.gov/api/v2.1/events/EONET_6465,15,Sea and Lake Ice,NATICE,https://usicecenter.gov/pub/Iceberg_Tabular.csv,2023-12-15T00:00:00Z,Point,"[-72.42, -72.85]"
EONET_6463,"Ambae Volcano, Vanuatu",,https://eonet.gsfc.nasa.gov/api/v2.1/events/EONET_6463,12,Volcanoes,SIVolcano,https://volcano.si.edu/volcano.cfm?vn=257030,2023-12-11T00:00:00Z,Point,"[167.835, -15.389]"
EONET_6464,"Yasur Volcano, Vanuatu",,https://eonet.gsfc.nasa.gov/api/v2.1/events/EONET_6464,12,Volcanoes,SIVolcano,https://volcano.si.edu/volcano.cfm?vn=257100,2023-12-04T00:00:00Z,Point,"[169.447, -19.532]"
EONET_6462,"Marapi Volcano, Indonesia",,https://eonet.gsfc.nasa.gov/api/v2.1/events/EONET_6462,12,Volcanoes,SIVolcano,https://volcano.si.edu/volcano.cfm?vn=261140,2023-12-03T00:00:00Z,Point,"[100.474, -0.38]"
EONET_6461,"Krakatau Volcano, Indonesia",,https://eonet.gsfc.nasa.gov/api/v2.1/events/EONET_6461,12,Volcanoes,SIVolcano,https://volcano.si.edu/volcano.cfm?vn=262000,2023-11-26T00:00:00Z,Point,"[105.4233, -6.1009]"
EONET_6460,"Bagana Volcano, Papua New Guinea",,https://eonet.gsfc.nasa.gov/api/v2.1/events/EONET_6460,12,Volcanoes,SIVolcano,https://volcano.si.edu/volcano.cfm?vn=255020,2023-11-24T00:00:00Z,Point,"[155.196, -6.137]"
EONET_6459,"Purace Volcano, Columbia",,https://eonet.gsfc.nasa.gov/api/v2.1/events/EONET_6459,12,Volcanoes,SIVolcano,https://volcano.si.edu/volcano.cfm?vn=351060,2023-11-16T00:00:00Z,Point,"[-76.4, 2.32]"
EONET_6455,"Etna Volcano, Italy",,https://eonet.gsfc.nasa.gov/api/v2.1/events/EONET_6455,12,Volcanoes,SIVolcano,https://volcano.si.edu/volcano.cfm?vn=211060,2023-11-12T00:00:00Z,Point,"[14.999, 37.748]"
EONET_6452,"Dukono Volcano, Indonesia",,https://eonet.gsfc.nasa.gov/api/v2.1/events/EONET_6452,12,Volcanoes,SIVolcano,https://volcano.si.edu/volcano.cfm?vn=268010,2023-11-07T00:00:00Z,Point,"[127.8783, 1.6992]"
EONET_6450,Wvnrp Steep Valley Fire Information,,https://eonet.gsfc.nasa.gov/api/v2.1/events/EONET_6450,8,Wildfires,InciWeb,http://inciweb.nwcg.gov/incident-information/wvnrp-steep-valley-fire,2023-11-06T19:00:00Z,Point,"[-80.7903, 37.9125]"
EONET_6453,"Ulawun Volcano, Papua New Guinea",,https://eonet.gsfc.nasa.gov/api/v2.1/events/EONET_6453,12,Volcanoes,SIVolcano,https://volcano.si.edu/volcano.cfm?vn=252120,2023-11-02T00:00:00Z,Point,"[151.33, -5.05]"
EONET_6449,"Ioto Volcano, Japan",,https://eonet.gsfc.nasa.gov/api/v2.1/events/EONET_6449,12,Volcanoes,SIVolcano,https://volcano.si.edu/volcano.cfm?vn=284120,2023-10-30T00:00:00Z,Point,"[141.289, 24.751]"
EONET_6448,Iceberg D34,,https://eonet.gsfc.nasa.gov/api/v2.1/events/EONET_6448,15,Sea and Lake Ice,NATICE,https://usicecenter.gov/pub/Iceberg_Tabular.csv,2023-10-20T00:00:00Z,Point,"[82.12, -67.18]"
EONET_6423,Iceberg D33A,,https://eonet.gsfc.nasa.gov/api/v2.1/events/EONET_6423,15,Sea and Lake Ice,NATICE,https://usicecenter.gov/pub/Iceberg_Tabular.csv,2023-09-08T00:00:00Z,Point,"[17.14, -69.38]"
EONET_6424,Iceberg D33B,,https://eonet.gsfc.nasa.gov/api/v2.1/events/EONET_6424,15,Sea and Lake Ice,NATICE,https://usicecenter.gov/pub/Iceberg_Tabular.csv,2023-09-08T00:00:00Z,Point,"[18.3, -69.64]"
EONET_6418,Peacock Fire Information,,https://eonet.gsfc.nasa.gov/api/v2.1/events/EONET_6418,8,Wildfires,InciWeb,http://inciweb.nwcg.gov/incident-information/txtxs-peacock-fire,2023-09-04T21:08:00Z,Point,"[-100.3936, 33.2128]"
EONET_6427,Olympic National Park Lightning Fires,,https://eonet.gsfc.nasa.gov/api/v2.1/events/EONET_6427,8,Wildfires,InciWeb,http://inciweb.nwcg.gov/incident-information/waolp-2023-olympic-national-park-lightning-fires,2023-08-28T20:30:00Z,Point,"[-123.5278, 47.7369]"
EONET_6388,Flat Fire Information,,https://eonet.gsfc.nasa.gov/api/v2.1/events/EONET_6388,8,Wildfires,InciWeb,http://inciweb.nwcg.gov/incident-information/xx1002-flat-fire,2023-07-15T21:51:00Z,Point,"[-124.0372, 42.5158]"
EONET_6381,"Klyuchevskoy Volcano, Russia",,https://eonet.gsfc.nasa.gov/api/v2.1/events/EONET_6381,12,Volcanoes,EO,https://earthobservatory.nasa.gov/images/152037/volcanic-plume-billows-from-klyuchevskoy,2023-07-06T00:00:00Z,Point,"[160.642, 56.056]"
EONET_6386,"Sheveluch Volcano, Russia",,https://eonet.gsfc.nasa.gov/api/v2.1/events/EONET_6386,12,Volcanoes,SIVolcano,https://volcano.si.edu/volcano.cfm?vn=300270,2023-07-02T00:00:00Z,Point,"[161.36, 56.653]"
EONET_6377,"Ubinas Volcano, Peru",,https://eonet.gsfc.nasa.gov/api/v2.1/events/EONET_6377,12,Volcanoes,SIVolcano,https://volcano.si.edu/volcano.cfm?vn=354020,2023-06-25T00:00:00Z,Point,"[-70.903, -16.355]"
EONET_6375,"Mayon Volcano, Philippines",,https://eonet.gsfc.nasa.gov/api/v2.1/events/EONET_6375,12,Volcanoes,SIVolcano,https://volcano.si.edu/volcano.cfm?vn=273030,2023-06-14T00:00:00Z,Point,"[123.685, 13.257]"
EONET_6369,"Ibu Volcano, Indonesia",,https://eonet.gsfc.nasa.gov/api/v2.1/events/EONET_6369,12,Volcanoes,SIVolcano,https://volcano.si.edu/volcano.cfm?vn=268030,2023-06-06T00:00:00Z,Point,"[127.63, 1.488]"
EONET_6370,"Wilbur Fire, Arizona",,https://eonet.gsfc.nasa.gov/api/v2.1/events/EONET_6370,8,Wildfires,InciWeb,https://inciweb.nwcg.gov/incident-information/azcof-wilbur-fire,2023-05-21T00:00:00Z,Point,"[-111.466806, 34.551083]"
EONET_6350,"Major Fire, Ocala National Forest, Florida, United States",,https://eonet.gsfc.nasa.gov/api/v2.1/events/EONET_6350,8,Wildfires,InciWeb,http://inciweb.nwcg.gov/incident-information/flfnf-major,2023-04-27T14:15:00Z,Point,"[-81.688889, 29.229722]"
EONET_6343,Great Lake Fire,,https://eonet.gsfc.nasa.gov/api/v2.1/events/EONET_6343,8,Wildfires,InciWeb,http://inciweb.nwcg.gov/incident-information/ncncf-great-lakes,2023-04-19T19:14:00Z,Point,"[-77.051228, 34.870158]"
EONET_6330,Iceberg A80D,,https://eonet.gsfc.nasa.gov/api/v2.1/events/EONET_6330,15,Sea and Lake Ice,NATICE,https://usicecenter.gov/pub/Iceberg_Tabular.csv,2023-02-23T00:00:00Z,Point,"[-59.34, -72.19]"
EONET_6320,Iceberg A81,,https://eonet.gsfc.nasa.gov/api/v2.1/events/EONET_6320,15,Sea and Lake Ice,NATICE,https://usicecenter.gov/pub/Iceberg_Tabular.csv,2023-01-27T00:00:00Z,Point,"[-27.16, -75.66]"
EONET_6319,"Lewotolok Volcano, Indonesia",,https://eonet.gsfc.nasa.gov/api/v2.1/events/EONET_6319,12,Volcanoes,SIVolcano,http://volcano.si.edu/volcano.cfm?vn=264230,2023-01-14T00:00:00Z,Point,"[123.505, -8.272]"
EONET_6309,"Nevado del Ruiz Volcano, Colombia",,https://eonet.gsfc.nasa.gov/api/v2.1/events/EONET_6309,12,Volcanoes,SIVolcano,https://volcano.si.edu/volcano.cfm?vn=351020,2022-12-03T13:02:17Z,Point,"[-75.324, 4.892]"
EONET_6302,Iceberg A80A,,https://eonet.gsfc.nasa.gov/api/v2.1/events/EONET_6302,15,Sea and Lake Ice,NATICE,https://usicecenter.gov/pub/Iceberg_Tabular.csv,2022-12-02T00:00:00Z,Point,"[-60.27, -71.77]"
EONET_6288,Iceberg D32,,https://eonet.gsfc.nasa.gov/api/v2.1/events/EONET_6288,15,Sea and Lake Ice,NATICE,https://usicecenter.gov/pub/Iceberg_Tabular.csv,2022-10-21T00:00:00Z,Point,"[70.68, -68.36]"
EONET_6280,Nakia Creek Fire,,https://eonet.gsfc.nasa.gov/api/v2.1/events/EONET_6280,8,Wildfires,InciWeb,http://inciweb.nwcg.gov/incident/8443/,2022-10-09T15:45:00Z,Point,"[-122.281, 45.696]"
EONET_6269,Bovee Fire,,https://eonet.gsfc.nasa.gov/api/v2.1/events/EONET_6269,8,Wildfires,InciWeb,http://inciweb.nwcg.gov/incident/8437/,2022-10-02T13:38:00Z,Point,"[-100.31, 41.869]"
EONET_6283,Siouxon Fire,,https://eonet.gsfc.nasa.gov/api/v2.1/events/EONET_6283,8,Wildfires,InciWeb,http://inciweb.nwcg.gov/incident/8436/,2022-09-22T18:30:00Z,Point,"[-122.089, 45.944]"
EONET_6246,Bolt Creek Fire,,https://eonet.gsfc.nasa.gov/api/v2.1/events/EONET_6246,8,Wildfires,InciWeb,http://inciweb.nwcg.gov/incident/8417/,2022-09-10T05:15:00Z,Point,"[-121.346, 47.728]"
EONET_6242,Eagle Creek Fire,,https://eonet.gsfc.nasa.gov/api/v2.1/events/EONET_6242,8,Wildfires,InciWeb,http://inciweb.nwcg.gov/incident/8413/,2022-09-07T14:30:00Z,Point,"[-109.682, 48.139]"
EONET_6225,Mosquito Fire,,https://eonet.gsfc.nasa.gov/api/v2.1/events/EONET_6225,8,Wildfires,InciWeb,http://inciweb.nwcg.gov/incident/8398/,2022-09-06T18:27:00Z,Point,"[-120.719, 39.01]"
EONET_6241,Washakie Park Fire,,https://eonet.gsfc.nasa.gov/api/v2.1/events/EONET_6241,8,Wildfires,InciWeb,http://inciweb.nwcg.gov/incident/8418/,2022-09-06T15:15:00Z,Point,"[-109.138, 42.989]"
EONET_6227,NW Pasayten Fires,,https://eonet.gsfc.nasa.gov/api/v2.1/events/EONET_6227,8,Wildfires,InciWeb,http://inciweb.nwcg.gov/incident/8397/,2022-09-06T06:00:00Z,Point,"[-120.818, 48.913]"
EONET_6223,Fairview Fire,,https://eonet.gsfc.nasa.gov/api/v2.1/events/EONET_6223,8,Wildfires,InciWeb,http://inciweb.nwcg.gov/incident/8402/,2022-09-05T15:40:00Z,Point,"[-116.891, 33.714]"
EONET_6233,Radford Fire,,https://eonet.gsfc.nasa.gov/api/v2.1/events/EONET_6233,8,Wildfires,InciWeb,http://inciweb.nwcg.gov/incident/8390/,2022-09-05T13:30:00Z,Point,"[-116.882, 34.177]"
EONET_6220,Seven Bays Fire,,https://eonet.gsfc.nasa.gov/api/v2.1/events/EONET_6220,8,Wildfires,InciWeb,http://inciweb.nwcg.gov/incident/8391/,2022-09-04T15:35:00Z,Point,"[-118.323, 47.828]"
EONET_6238,Boulder Lake Fire,,https://eonet.gsfc.nasa.gov/api/v2.1/events/EONET_6238,8,Wildfires,InciWeb,http://inciweb.nwcg.gov/incident/8395/,2022-09-03T21:00:00Z,Point,"[-113.81999999, 47.070999999]"
EONET_6229,Bull Gin Complex Fire,,https://eonet.gsfc.nasa.gov/api/v2.1/events/EONET_6229,8,Wildfires,InciWeb,http://inciweb.nwcg.gov/incident/8381/,2022-09-02T20:50:00Z,Point,"[-115.826, 48.087]"
EONET_6281,Loch Katrine Fire,,https://eonet.gsfc.nasa.gov/api/v2.1/events/EONET_6281,8,Wildfires,InciWeb,http://inciweb.nwcg.gov/incident/8447/,2022-09-02T00:00:00Z,Point,"[-121.661, 47.644]"
EONET_6226,Chilliwack Complex Fire,,https://eonet.gsfc.nasa.gov/api/v2.1/events/EONET_6226,8,Wildfires,InciWeb,http://inciweb.nwcg.gov/incident/8394/,2022-09-01T19:00:00Z,Point,"[-121.38, 48.925]"
EONET_6209,Double Creek Fire,,https://eonet.gsfc.nasa.gov/api/v2.1/events/EONET_6209,8,Wildfires,InciWeb,http://inciweb.nwcg.gov/incident/8366/,2022-08-30T17:00:00Z,Point,"[-116.739, 45.428]"
EONET_6282,Suiattle River Fire,,https://eonet.gsfc.nasa.gov/api/v2.1/events/EONET_6282,8,Wildfires,InciWeb,http://inciweb.nwcg.gov/incident/8396/,2022-08-30T14:45:00Z,Point,"[-121.392, 48.311]"
EONET_6210,Williams Creek Fire,,https://eonet.gsfc.nasa.gov/api/v2.1/events/EONET_6210,8,Wildfires,InciWeb,http://inciweb.nwcg.gov/incident/8372/,2022-08-29T16:30:00Z,Point,"[-115.652, 45.693]"
EONET_6211,Trail Ridge Fire,,https://eonet.gsfc.nasa.gov/api/v2.1/events/EONET_6211,8,Wildfires,InciWeb,http://inciweb.nwcg.gov/incident/8365/,2022-08-26T13:15:00Z,Point,"[-113.867, 45.78]"
EONET_6205,Nebo Fire,,https://eonet.gsfc.nasa.gov/api/v2.1/events/EONET_6205,8,Wildfires,InciWeb,http://inciweb.nwcg.gov/incident/8363/,2022-08-25T16:30:00Z,Point,"[-117.11, 45.133]"
EONET_6200,Sturgill Fire,,https://eonet.gsfc.nasa.gov/api/v2.1/events/EONET_6200,8,Wildfires,InciWeb,http://inciweb.nwcg.gov/incident/8364/,2022-08-22T12:00:00Z,Point,"[-117.534, 45.284]"
EONET_6195,Crockets Knob Fire,,https://eonet.gsfc.nasa.gov/api/v2.1/events/EONET_6195,8,Wildfires,InciWeb,http://inciweb.nwcg.gov/incident/8355/,2022-08-22T03:00:00Z,Point,"[-118.708, 44.728]"
EONET_6239,Margaret Fire,,https://eonet.gsfc.nasa.gov/api/v2.1/events/EONET_6239,8,Wildfires,InciWeb,http://inciweb.nwcg.gov/incident/8393/,2022-08-22T00:00:00Z,Point,"[-113.808, 48.1]"
EONET_6182,Wagner Road Fire,,https://eonet.gsfc.nasa.gov/api/v2.1/events/EONET_6182,8,Wildfires,InciWeb,http://inciweb.nwcg.gov/incident/8344/,2022-08-18T14:04:00Z,Point,"[-117.857, 47.086]"
EONET_6196,Rum Creek Fire,,https://eonet.gsfc.nasa.gov/api/v2.1/events/EONET_6196,8,Wildfires,InciWeb,http://inciweb.nwcg.gov/incident/8348/,2022-08-17T12:00:00Z,Point,"[-123.628, 42.641]"
EONET_6174,"Garceau Fire, W of Polson, Montana, United States",,https://eonet.gsfc.nasa.gov/api/v2.1/events/EONET_6174,8,Wildfires,InciWeb,https://inciweb.nwcg.gov/incident/8339/,2022-08-16T00:00:00Z,Point,"[-114.489, 47.694]"
EONET_6216,Ross Fork Fire,,https://eonet.gsfc.nasa.gov/api/v2.1/events/EONET_6216,8,Wildfires,InciWeb,http://inciweb.nwcg.gov/incident/8375/,2022-08-14T14:45:00Z,Point,"[-114.98, 43.811]"
EONET_6183,Quartz Fire,,https://eonet.gsfc.nasa.gov/api/v2.1/events/EONET_6183,8,Wildfires,InciWeb,http://inciweb.nwcg.gov/incident/8337/,2022-08-14T10:15:00Z,Point,"[-114.025, 48.854]"
EONET_6165,Mohr Fire,,https://eonet.gsfc.nasa.gov/api/v2.1/events/EONET_6165,8,Wildfires,InciWeb,https://inciweb.nwcg.gov/incident/8322/,2022-08-11T00:00:00Z,Point,"[-119.919, 47.533]"
EONET_6181,White River  Fire,,https://eonet.gsfc.nasa.gov/api/v2.1/events/EONET_6181,8,Wildfires,InciWeb,http://inciweb.nwcg.gov/incident/8329/,2022-08-11T00:00:00Z,Point,"[-120.917, 47.885]"
EONET_6240,Goat Rocks Fire,,https://eonet.gsfc.nasa.gov/api/v2.1/events/EONET_6240,8,Wildfires,InciWeb,http://inciweb.nwcg.gov/incident/8415/,2022-08-09T00:00:00Z,Point,"[-121.517, 46.636]"
EONET_6197,Rodgers Fire,,https://eonet.gsfc.nasa.gov/api/v2.1/events/EONET_6197,8,Wildfires,InciWeb,http://inciweb.nwcg.gov/incident/8333/,2022-08-08T00:00:00Z,Point,"[-119.552, 37.954]"
EONET_6175,"Stromboli Volcano, Italy",,https://eonet.gsfc.nasa.gov/api/v2.1/events/EONET_6175,12,Volcanoes,SIVolcano,http://volcano.si.edu/volcano.cfm?vn=211040,2022-08-07T00:00:00Z,Point,"[15.213, 38.789]"
EONET_6158,Six Rivers Lightning Complex Fire,,https://eonet.gsfc.nasa.gov/api/v2.1/events/EONET_6158,8,Wildfires,InciWeb,http://inciweb.nwcg.gov/incident/8312/,2022-08-05T00:00:00Z,Point,"[-123.598, 40.907]"
EONET_6191,Red Fire,,https://eonet.gsfc.nasa.gov/api/v2.1/events/EONET_6191,8,Wildfires,InciWeb,http://inciweb.nwcg.gov/incident/8332/,2022-08-04T00:00:00Z,Point,"[-119.471, 37.661]"
EONET_6151,Yeti and Alex Fires,,https://eonet.gsfc.nasa.gov/api/v2.1/events/EONET_6151,8,Wildfires,InciWeb,https://inciweb.nwcg.gov/incident/8299/,2022-08-02T00:00:00Z,Point,"[-123.278, 41.868]"
EONET_6186,Norton Fire,,https://eonet.gsfc.nasa.gov/api/v2.1/events/EONET_6186,8,Wildfires,InciWeb,http://inciweb.nwcg.gov/incident/8308/,2022-08-01T17:30:00Z,Point,"[-114.927, 44.857]"
EONET_6155,Cedar Creek Fire,,https://eonet.gsfc.nasa.gov/api/v2.1/events/EONET_6155,8,Wildfires,InciWeb,http://inciweb.nwcg.gov/incident/8307/,2022-08-01T00:00:00Z,Point,"[-122.166, 43.74]"
EONET_6148,Windigo Fire,,https://eonet.gsfc.nasa.gov/api/v2.1/events/EONET_6148,8,Wildfires,InciWeb,http://inciweb.nwcg.gov/incident/8292/,2022-07-30T00:00:00Z,Point,"[-122.052, 43.363]"
EONET_6153,Weasel Fire,,https://eonet.gsfc.nasa.gov/api/v2.1/events/EONET_6153,8,Wildfires,InciWeb,http://inciweb.nwcg.gov/incident/8290/,2022-07-30T00:00:00Z,Point,"[-114.748, 48.977]"
EONET_6141,Elmo Fire,,https://eonet.gsfc.nasa.gov/api/v2.1/events/EONET_6141,8,Wildfires,InciWeb,http://inciweb.nwcg.gov/incident/8289/,2022-07-29T16:00:00Z,Point,"[-114.507, 47.818]"
EONET_6140,McKinney Fire,,https://eonet.gsfc.nasa.gov/api/v2.1/events/EONET_6140,8,Wildfires,InciWeb,http://inciweb.nwcg.gov/incident/8287/,2022-07-29T14:15:00Z,Point,"[-122.885, 41.819]"
EONET_6164,Yeti and Alex Fires,,https://eonet.gsfc.nasa.gov/api/v2.1/events/EONET_6164,8,Wildfires,InciWeb,http://inciweb.nwcg.gov/incident/8299/,2022-07-29T00:00:00Z,Point,"[-123.278, 41.868]"
EONET_6131,Oak FIre,,https://eonet.gsfc.nasa.gov/api/v2.1/events/EONET_6131,8,Wildfires,CALFIRE,https://www.fire.ca.gov/incidents/2022/7/22/oak-fire/,2022-07-22T09:50:08Z,Point,"[-119.9234728, 37.5509366]"
EONET_6133,Oak Fire,,https://eonet.gsfc.nasa.gov/api/v2.1/events/EONET_6133,8,Wildfires,InciWeb,http://inciweb.nwcg.gov/incident/8280/,2022-07-22T00:00:00Z,Point,"[-119.921, 37.549]"
EONET_6132,C3 Fire,,https://eonet.gsfc.nasa.gov/api/v2.1/events/EONET_6132,8,Wildfires,InciWeb,http://inciweb.nwcg.gov/incident/8276/,2022-07-21T11:30:00Z,Point,"[-113.228, 35.859]"
EONET_6122,Moose Fire,,https://eonet.gsfc.nasa.gov/api/v2.1/events/EONET_6122,8,Wildfires,InciWeb,http://inciweb.nwcg.gov/incident/8249/,2022-07-17T16:00:00Z,Point,"[-114.091, 45.375]"
EONET_6129,Woodtick Fire,,https://eonet.gsfc.nasa.gov/api/v2.1/events/EONET_6129,8,Wildfires,InciWeb,http://inciweb.nwcg.gov/incident/8253/,2022-07-14T17:00:00Z,Point,"[-114.632, 44.854]"
EONET_6144,Clover Fire,,https://eonet.gsfc.nasa.gov/api/v2.1/events/EONET_6144,8,Wildfires,InciWeb,http://inciweb.nwcg.gov/incident/8262/,2022-07-13T19:00:00Z,Point,"[-111.87, 45.048]"
EONET_6115,Jacob City Fire,,https://eonet.gsfc.nasa.gov/api/v2.1/events/EONET_6115,8,Wildfires,InciWeb,http://inciweb.nwcg.gov/incident/8224/,2022-07-09T14:34:00Z,Point,"[-112.323, 40.423]"
EONET_6113,Becky Peak Fire,,https://eonet.gsfc.nasa.gov/api/v2.1/events/EONET_6113,8,Wildfires,InciWeb,http://inciweb.nwcg.gov/incident/8210/,2022-07-09T11:00:00Z,Point,"[-114.588, 39.93]"
EONET_6112,Halfway Hill Fire,,https://eonet.gsfc.nasa.gov/api/v2.1/events/EONET_6112,8,Wildfires,InciWeb,http://inciweb.nwcg.gov/incident/8215/,2022-07-08T14:00:00Z,Point,"[-112.339, 38.915]"
EONET_6130,Washburn Fire,,https://eonet.gsfc.nasa.gov/api/v2.1/events/EONET_6130,8,Wildfires,InciWeb,https://inciweb.nwcg.gov/incident/8209/,2022-07-07T09:26:51Z,Point,"[-119.55035, 37.53573]"
EONET_6109,Middle Tanana Complex Fire,,https://eonet.gsfc.nasa.gov/api/v2.1/events/EONET_6109,8,Wildfires,InciWeb,http://inciweb.nwcg.gov/incident/8201/,2022-07-03T01:00:00Z,Point,"[-144.95, 64.37]"
EONET_6119,Dalton Highway Complex Fire,,https://eonet.gsfc.nasa.gov/api/v2.1/events/EONET_6119,8,Wildfires,InciWeb,http://inciweb.nwcg.gov/incident/8240/,2022-07-01T12:45:00Z,Point,"[-150.522, 66.876]"
EONET_6104,"Aira Volcano, Japan",,https://eonet.gsfc.nasa.gov/api/v2.1/events/EONET_6104,12,Volcanoes,SIVolcano,http://volcano.si.edu/volcano.cfm?vn=282080,2022-06-27T00:00:00Z,Point,"[130.657, 31.593]"
EONET_6097,Bean Complex Fire,,https://eonet.gsfc.nasa.gov/api/v2.1/events/EONET_6097,8,Wildfires,InciWeb,http://inciweb.nwcg.gov/incident/8183/,2022-06-25T16:00:00Z,Point,"[-151.641, 64.875]"
EONET_6094,Goshute Fire,,https://eonet.gsfc.nasa.gov/api/v2.1/events/EONET_6094,8,Wildfires,InciWeb,http://inciweb.nwcg.gov/incident/8180/,2022-06-25T15:30:00Z,Point,"[-114.287, 40.514]"
EONET_6102,"Ebeko Volcano, Russia",,https://eonet.gsfc.nasa.gov/api/v2.1/events/EONET_6102,12,Volcanoes,SIVolcano,http://volcano.si.edu/volcano.cfm?vn=290380,2022-06-23T00:00:00Z,Point,"[156.014, 50.686]"
EONET_6107,Clear Fire,,https://eonet.gsfc.nasa.gov/api/v2.1/events/EONET_6107,8,Wildfires,InciWeb,http://inciweb.nwcg.gov/incident/8178/,2022-06-21T17:00:00Z,Point,"[-149.506, 64.405]"
EONET_6095,Minto Lakes Fire,,https://eonet.gsfc.nasa.gov/api/v2.1/events/EONET_6095,8,Wildfires,InciWeb,http://inciweb.nwcg.gov/incident/8182/,2022-06-21T16:30:00Z,Point,"[-148.747, 65.01]"
EONET_6090,Kinsley Fire,,https://eonet.gsfc.nasa.gov/api/v2.1/events/EONET_6090,8,Wildfires,InciWeb,http://inciweb.nwcg.gov/incident/8167/,2022-06-17T13:00:00Z,Point,"[-114.422, 40.081]"
EONET_6092,Lime Complex Fire,,https://eonet.gsfc.nasa.gov/api/v2.1/events/EONET_6092,8,Wildfires,InciWeb,http://inciweb.nwcg.gov/incident/8173/,2022-06-14T20:00:00Z,Point,"[-158.006, 61.57]"
EONET_6087,Contreras Fire ,,https://eonet.gsfc.nasa.gov/api/v2.1/events/EONET_6087,8,Wildfires,InciWeb,http://inciweb.nwcg.gov/incident/8154/,2022-06-11T14:30:00Z,Point,"[-111.574, 31.849]"
EONET_6080,Iceberg A74A,,https://eonet.gsfc.nasa.gov/api/v2.1/events/EONET_6080,15,Sea and Lake Ice,NATICE,https://usicecenter.gov/pub/Iceberg_Tabular.csv,2022-06-10T00:00:00Z,Point,"[-45.89, -76.9]"
EONET_6081,Iceberg A74B,,https://eonet.gsfc.nasa.gov/api/v2.1/events/EONET_6081,15,Sea and Lake Ice,NATICE,https://usicecenter.gov/pub/Iceberg_Tabular.csv,2022-06-10T00:00:00Z,Point,"[-44.91, -76.75]"
EONET_6079,East Fork Fire ,,https://eonet.gsfc.nasa.gov/api/v2.1/events/EONET_6079,8,Wildfires,InciWeb,http://inciweb.nwcg.gov/incident/8148/,2022-05-31T00:00:00Z,Point,"[-162.799, 62.366]"
EONET_6063,Black Fire,,https://eonet.gsfc.nasa.gov/api/v2.1/events/EONET_6063,8,Wildfires,InciWeb,http://inciweb.nwcg.gov/incident/8103/,2022-05-13T21:30:00Z,Point,"[-108.059, 33.204]"
EONET_6091,Left Fork Fire,,https://eonet.gsfc.nasa.gov/api/v2.1/events/EONET_6091,8,Wildfires,InciWeb,http://inciweb.nwcg.gov/incident/8169/,2022-05-09T14:15:00Z,Point,"[-112.358, 37.483]"
EONET_6051,Iceberg C39,,https://eonet.gsfc.nasa.gov/api/v2.1/events/EONET_6051,15,Sea and Lake Ice,NATICE,https://usicecenter.gov/pub/Iceberg_Tabular.csv,2022-04-29T00:00:00Z,Point,"[99.61, -65.68]"
EONET_6064,Cerro Pelado Fire,,https://eonet.gsfc.nasa.gov/api/v2.1/events/EONET_6064,8,Wildfires,InciWeb,http://inciweb.nwcg.gov/incident/8075/,2022-04-22T15:45:00Z,Point,"[-106.584, 35.775]"
EONET_6060,Calf Canyon Fire,,https://eonet.gsfc.nasa.gov/api/v2.1/events/EONET_6060,8,Wildfires,InciWeb,http://inciweb.nwcg.gov/incident/8069/,2022-04-19T15:00:00Z,Point,"[-105.503, 35.759]"
EONET_6068,Crooks Fire,,https://eonet.gsfc.nasa.gov/api/v2.1/events/EONET_6068,8,Wildfires,InciWeb,http://inciweb.nwcg.gov/incident/8067/,2022-04-18T10:00:00Z,Point,"[-112.426, 34.403]"
EONET_6059,Hermits Peak Fire,,https://eonet.gsfc.nasa.gov/api/v2.1/events/EONET_6059,8,Wildfires,InciWeb,http://inciweb.nwcg.gov/incident/8049/,2022-04-06T16:51:00Z,Point,"[-105.399, 35.718]"
EONET_6037,Iceberg C38B,,https://eonet.gsfc.nasa.gov/api/v2.1/events/EONET_6037,15,Sea and Lake Ice,NATICE,https://usicecenter.gov/pub/Iceberg_Tabular.csv,2022-03-25T00:00:00Z,Point,"[101.72, -65.06]"
EONET_6018,"Wildfire - N of Merced, California - United States",,https://eonet.gsfc.nasa.gov/api/v2.1/events/EONET_6018,8,Wildfires,PDC,http://emops.pdc.org/emops/?hazard_id=137546,2022-02-16T20:44:00Z,Point,"[-120.533005422, 37.543469882]"
EONET_6014,"Wildfire - E of Mesa, Arizona - United States",,https://eonet.gsfc.nasa.gov/api/v2.1/events/EONET_6014,8,Wildfires,PDC,http://emops.pdc.org/emops/?hazard_id=137427,2022-02-13T20:40:00Z,Point,"[-110.862229905, 33.417091555]"
EONET_6017,"Popocatepetl Volcano, Mexico",,https://eonet.gsfc.nasa.gov/api/v2.1/events/EONET_6017,12,Volcanoes,SIVolcano,https://volcano.si.edu/volcano.cfm?vn=341090,2022-02-08T00:00:00Z,Point,"[-98.622, 19.023]"
EONET_6006,Wildfire - N of Viseu - Portugal,,https://eonet.gsfc.nasa.gov/api/v2.1/events/EONET_6006,8,Wildfires,PDC,http://emops.pdc.org/emops/?hazard_id=136764,2022-01-29T13:36:00Z,Point,"[-8.009577928, 41.002191345]"
EONET_6004,Wildfire - E of Braga - Portugal,,https://eonet.gsfc.nasa.gov/api/v2.1/events/EONET_6004,8,Wildfires,PDC,http://emops.pdc.org/emops/?hazard_id=136718,2022-01-28T13:35:00Z,Point,"[-8.091955323, 41.517611178]"
EONET_6005,Wildfire - N of Vila Real - Portugal,,https://eonet.gsfc.nasa.gov/api/v2.1/events/EONET_6005,8,Wildfires,PDC,http://emops.pdc.org/emops/?hazard_id=136717,2022-01-28T13:35:00Z,Point,"[-7.675316232, 41.808267161]"
EONET_6003,"Wildfire - E of Mesa, Arizona - United States",,https://eonet.gsfc.nasa.gov/api/v2.1/events/EONET_6003,8,Wildfires,PDC,http://emops.pdc.org/emops/?hazard_id=136709,2022-01-28T08:38:00Z,Point,"[-110.860071422, 33.416654251]"
EONET_6007,Iceberg D31,,https://eonet.gsfc.nasa.gov/api/v2.1/events/EONET_6007,15,Sea and Lake Ice,NATICE,https://usicecenter.gov/pub/Iceberg_Tabular.csv,2022-01-28T00:00:00Z,Point,"[2.34, -69.89]"
EONET_6001,"Wildfire - SW of Tarbes, Midi-Pyrnes - France",,https://eonet.gsfc.nasa.gov/api/v2.1/events/EONET_6001,8,Wildfires,PDC,http://emops.pdc.org/emops/?hazard_id=136603,2022-01-25T13:35:00Z,Point,"[-0.564755574, 42.971017184]"
EONET_5998,"Wildfire - Big Sur, California, USA",,https://eonet.gsfc.nasa.gov/api/v2.1/events/EONET_5998,8,Wildfires,PDC,http://emops.pdc.org/emops/?hazard_id=136556,2022-01-21T09:05:00Z,Point,"[-121.79929, 36.27203]"
EONET_5990,"Wildfire - SW of Tarbes, Midi-Pyrnes - France",,https://eonet.gsfc.nasa.gov/api/v2.1/events/EONET_5990,8,Wildfires,PDC,http://emops.pdc.org/emops/?hazard_id=135525,2022-01-02T13:35:00Z,Point,"[-0.401425255, 42.993829605]"
EONET_5988,"Wildfire - SE of Boulder, Colorado - United States",,https://eonet.gsfc.nasa.gov/api/v2.1/events/EONET_5988,8,Wildfires,PDC,http://emops.pdc.org/emops/?hazard_id=135349,2021-12-30T20:37:00Z,Point,"[-105.19282, 39.95983]"
EONET_5983,"Wildfire - W of Victorville, California - United States",,https://eonet.gsfc.nasa.gov/api/v2.1/events/EONET_5983,8,Wildfires,PDC,http://emops.pdc.org/emops/?hazard_id=134598,2021-12-12T20:37:00Z,Point,"[-117.729843629, 34.396954841]"
EONET_5976,"Wildfire - E of Mesa, Arizona - United States",,https://eonet.gsfc.nasa.gov/api/v2.1/events/EONET_5976,8,Wildfires,PDC,http://emops.pdc.org/emops/?hazard_id=133800,2021-11-27T08:36:00Z,Point,"[-110.861196043, 33.417201559]"
EONET_5977,"Wildfire - E of San Luis Obispo, California - United States",,https://eonet.gsfc.nasa.gov/api/v2.1/events/EONET_5977,8,Wildfires,PDC,http://emops.pdc.org/emops/?hazard_id=133794,2021-11-26T20:37:00Z,Point,"[-120.045451449, 35.36753333]"
EONET_5975,"Wildfire - NW of Montpelier, Idaho - United States",,https://eonet.gsfc.nasa.gov/api/v2.1/events/EONET_5975,8,Wildfires,PDC,http://emops.pdc.org/emops/?hazard_id=133661,2021-11-22T20:37:00Z,Point,"[-111.590258883, 42.686767291]"
EONET_5974,"Wildfire - W of Riverside, California - United States",,https://eonet.gsfc.nasa.gov/api/v2.1/events/EONET_5974,8,Wildfires,PDC,http://emops.pdc.org/emops/?hazard_id=133627,2021-11-21T23:37:00Z,Point,"[-117.488521503, 33.954878389]"
EONET_5972,"Wildfire - SW of Boulder City, Nevada - United States",,https://eonet.gsfc.nasa.gov/api/v2.1/events/EONET_5972,8,Wildfires,PDC,http://emops.pdc.org/emops/?hazard_id=133260,2021-11-11T20:40:00Z,Point,"[-115.354724564, 35.621645413]"
EONET_5968,"Wildfire - NW of Brighton, Brighton and Hove - United Kingdom",,https://eonet.gsfc.nasa.gov/api/v2.1/events/EONET_5968,8,Wildfires,PDC,http://emops.pdc.org/emops/?hazard_id=132962,2021-11-05T05:35:00Z,Point,"[-0.444536626, 51.12941477]"
EONET_5966,"Wildfire - S of Tillamook, Oregon - United States",,https://eonet.gsfc.nasa.gov/api/v2.1/events/EONET_5966,8,Wildfires,PDC,http://emops.pdc.org/emops/?hazard_id=132731,2021-10-31T09:38:00Z,Point,"[-123.929934447, 45.009877614]"
EONET_5962,"Wildfire - E of Mesa, Arizona - United States",,https://eonet.gsfc.nasa.gov/api/v2.1/events/EONET_5962,8,Wildfires,PDC,http://emops.pdc.org/emops/?hazard_id=132297,2021-10-24T21:38:00Z,Point,"[-110.861165478, 33.416293179]"
EONET_5955,"Wildfire - W of Agen, Aquitaine - France",,https://eonet.gsfc.nasa.gov/api/v2.1/events/EONET_5955,8,Wildfires,PDC,http://emops.pdc.org/emops/?hazard_id=132036,2021-10-19T14:36:00Z,Point,"[-0.011595617, 44.062464887]"
EONET_5959,"Great Sitkin Volcano, Andreanof Islands (U.S.)",,https://eonet.gsfc.nasa.gov/api/v2.1/events/EONET_5959,12,Volcanoes,SIVolcano,https://volcano.si.edu/volcano.cfm?vn=311120,2021-10-19T09:49:45Z,Point,"[-176.13, 52.076]"
EONET_5953,"Wildfire - W of Gila Bend, Arizona - United States",,https://eonet.gsfc.nasa.gov/api/v2.1/events/EONET_5953,8,Wildfires,PDC,http://emops.pdc.org/emops/?hazard_id=132012,2021-10-18T21:39:00Z,Point,"[-113.498576997, 32.974491635]"
EONET_5954,"Wildfire - W of Yuba City, California - United States",,https://eonet.gsfc.nasa.gov/api/v2.1/events/EONET_5954,8,Wildfires,PDC,http://emops.pdc.org/emops/?hazard_id=132011,2021-10-18T21:39:00Z,Point,"[-122.164046901, 39.080745035]"
EONET_5952,"Wildfire - SW of Yuba City, California - United States",,https://eonet.gsfc.nasa.gov/api/v2.1/events/EONET_5952,8,Wildfires,PDC,http://emops.pdc.org/emops/?hazard_id=131937,2021-10-16T21:38:00Z,Point,"[-121.667893746, 39.092390021]"
EONET_5951,"Wildfire - W of Tulare, California - United States",,https://eonet.gsfc.nasa.gov/api/v2.1/events/EONET_5951,8,Wildfires,PDC,http://emops.pdc.org/emops/?hazard_id=131761,2021-10-12T21:39:00Z,Point,"[-120.07159514, 36.082566967]"
EONET_5949,"Wildfire - W of Santa Barbara, California - United States",,https://eonet.gsfc.nasa.gov/api/v2.1/events/EONET_5949,8,Wildfires,PDC,http://emops.pdc.org/emops/?hazard_id=131731,2021-10-12T09:38:00Z,Point,"[-120.106440487, 34.50631889]"
EONET_5945,"Wildfire MB-EA207, Manitoba, Canada",,https://eonet.gsfc.nasa.gov/api/v2.1/events/EONET_5945,8,Wildfires,MBFIRE,http://www.gov.mb.ca/sd/fire/Fire-Statistic/2021/MBFIRE21.txt,2021-10-05T00:00:00Z,Point,"[-96.2511, 49.7389]"
EONET_5950,"Wildfire MB-WE093, Manitoba, Canada",,https://eonet.gsfc.nasa.gov/api/v2.1/events/EONET_5950,8,Wildfires,MBFIRE,http://www.gov.mb.ca/sd/fire/Fire-Statistic/2021/MBFIRE21.txt,2021-10-01T00:00:00Z,Point,"[-100.5447, 55.03]"
EONET_5942,"Wildfire - N of Yuba City, California - United States",,https://eonet.gsfc.nasa.gov/api/v2.1/events/EONET_5942,8,Wildfires,PDC,http://emops.pdc.org/emops/?hazard_id=130983,2021-09-27T21:43:00Z,Point,"[-121.619186074, 39.188019314]"
EONET_5940,"Wildfire - E of Tulare, California - United States",,https://eonet.gsfc.nasa.gov/api/v2.1/events/EONET_5940,8,Wildfires,PDC,http://emops.pdc.org/emops/?hazard_id=130925,2021-09-24T15:41:00Z,Point,"[-118.664197288, 36.090993645]"
EONET_5939,"Wildfire - NE of Redding, California - United States",,https://eonet.gsfc.nasa.gov/api/v2.1/events/EONET_5939,8,Wildfires,PDC,http://emops.pdc.org/emops/?hazard_id=130903,2021-09-23T21:40:00Z,Point,"[-122.300586725, 40.707903489]"
EONET_5930,"Wildfire - W of Lancaster, California - United States",,https://eonet.gsfc.nasa.gov/api/v2.1/events/EONET_5930,8,Wildfires,PDC,http://emops.pdc.org/emops/?hazard_id=130559,2021-09-18T14:45:00Z,Point,"[-118.757917621, 34.676320178]"
EONET_5929,"Wildfire - NE of Visalia, California - United States",,https://eonet.gsfc.nasa.gov/api/v2.1/events/EONET_5929,8,Wildfires,PDC,http://emops.pdc.org/emops/?hazard_id=130473,2021-09-16T01:08:00Z,Point,"[-118.793009903, 36.518072392]"
EONET_5926,"Wildfire - NE of Dnipropetrovsk, Dnipropetrovsk - Ukraine",,https://eonet.gsfc.nasa.gov/api/v2.1/events/EONET_5926,8,Wildfires,PDC,http://emops.pdc.org/emops/?hazard_id=130300,2021-09-10T11:50:00Z,Point,"[35.475028187, 48.686237557]"
EONET_5925,"Wildfire - E of Mesa, Arizona - United States",,https://eonet.gsfc.nasa.gov/api/v2.1/events/EONET_5925,8,Wildfires,PDC,http://emops.pdc.org/emops/?hazard_id=130287,2021-09-10T00:41:00Z,Point,"[-110.861358494, 33.417542977]"
EONET_5922,Cougar Peak Fire,,https://eonet.gsfc.nasa.gov/api/v2.1/events/EONET_5922,8,Wildfires,InciWeb,http://inciweb.nwcg.gov/incident/7835/,2021-09-07T13:45:00Z,Point,"[-120.613, 42.277]"
EONET_5920,"Wildfire - E of Ourense, Galicia  - Spain",,https://eonet.gsfc.nasa.gov/api/v2.1/events/EONET_5920,8,Wildfires,PDC,http://emops.pdc.org/emops/?hazard_id=130155,2021-09-07T05:44:00Z,Point,"[-7.338575131, 42.438826407]"
EONET_5921,Wildfire - NE of Monaco - Monaco,,https://eonet.gsfc.nasa.gov/api/v2.1/events/EONET_5921,8,Wildfires,PDC,http://emops.pdc.org/emops/?hazard_id=130153,2021-09-07T02:43:00Z,Point,"[8.152622285, 44.068834373]"
EONET_5912,"Wildfire MB-NO152, Manitoba, Canada",,https://eonet.gsfc.nasa.gov/api/v2.1/events/EONET_5912,8,Wildfires,MBFIRE,http://www.gov.mb.ca/sd/fire/Fire-Statistic/2021/MBFIRE21.txt,2021-08-31T00:00:00Z,Point,"[-100.0331, 57.6761]"
EONET_5911,Knob Fire,,https://eonet.gsfc.nasa.gov/api/v2.1/events/EONET_5911,8,Wildfires,InciWeb,http://inciweb.nwcg.gov/incident/7827/,2021-08-29T16:38:00Z,Point,"[-123.634, 40.916]"
EONET_5902,"Wildfire - NE of Modesto, California - United States",,https://eonet.gsfc.nasa.gov/api/v2.1/events/EONET_5902,8,Wildfires,PDC,http://emops.pdc.org/emops/?hazard_id=129435,2021-08-27T00:11:00Z,Point,"[-120.397719545, 37.969258033]"
EONET_5907,Iceberg A78,,https://eonet.gsfc.nasa.gov/api/v2.1/events/EONET_5907,15,Sea and Lake Ice,NATICE,https://usicecenter.gov/pub/Iceberg_Tabular.csv,2021-08-27T00:00:00Z,Point,"[-4.03, -70.35]"
EONET_5898,"Wildfire - NW of San Bernardino, California - United States",,https://eonet.gsfc.nasa.gov/api/v2.1/events/EONET_5898,8,Wildfires,PDC,http://emops.pdc.org/emops/?hazard_id=129377,2021-08-26T01:23:00Z,Point,"[-117.443074933, 34.182264114]"
EONET_5899,"Wildfire - NW of Montpelier, Idaho - United States",,https://eonet.gsfc.nasa.gov/api/v2.1/events/EONET_5899,8,Wildfires,PDC,http://emops.pdc.org/emops/?hazard_id=129368,2021-08-25T20:48:00Z,Point,"[-111.591190059, 42.686670839]"
EONET_5890,Wildfire - NE of Podgorica - Montenegro,,https://eonet.gsfc.nasa.gov/api/v2.1/events/EONET_5890,8,Wildfires,PDC,http://emops.pdc.org/emops/?hazard_id=129158,2021-08-22T02:42:00Z,Point,"[19.368286586, 42.635352272]"
EONET_5888,"Wildfire - E of Mesa, Arizona - United States",,https://eonet.gsfc.nasa.gov/api/v2.1/events/EONET_5888,8,Wildfires,PDC,http://emops.pdc.org/emops/?hazard_id=129071,2021-08-20T11:54:00Z,Point,"[-110.859687743, 33.416821311]"
EONET_5906,Iceberg A77,,https://eonet.gsfc.nasa.gov/api/v2.1/events/EONET_5906,15,Sea and Lake Ice,NATICE,https://usicecenter.gov/pub/Iceberg_Tabular.csv,2021-08-20T00:00:00Z,Point,"[-12.05, -71.01]"
EONET_5884,"Wildfire - N of Santa Rosa, California - United States",,https://eonet.gsfc.nasa.gov/api/v2.1/events/EONET_5884,8,Wildfires,PDC,http://emops.pdc.org/emops/?hazard_id=128937,2021-08-18T23:52:00Z,Point,"[-122.604087947, 38.924589754]"
EONET_5879,"Wildfire - E of Reggio di Calabria, Calabria - Italy",,https://eonet.gsfc.nasa.gov/api/v2.1/events/EONET_5879,8,Wildfires,PDC,http://emops.pdc.org/emops/?hazard_id=128854,2021-08-18T02:42:00Z,Point,"[15.91418569, 38.092952272]"
EONET_5865,"Wildfire - E of Toulon, Provence-Alpes-Cte-dAzur - France",,https://eonet.gsfc.nasa.gov/api/v2.1/events/EONET_5865,8,Wildfires,PDC,http://emops.pdc.org/emops/?hazard_id=128745,2021-08-17T02:42:00Z,Point,"[6.449664955, 43.28362333]"
EONET_5872,"Wildfire - British Columbia (Pine River Fire), Canada",,https://eonet.gsfc.nasa.gov/api/v2.1/events/EONET_5872,8,Wildfires,PDC,http://emops.pdc.org/emops/?hazard_id=128712,2021-08-16T19:44:00Z,Point,"[-122.48954, 55.54402]"
EONET_5860,"Wildfire - British Columbia (Plumbob Mountain Fire), Canada",,https://eonet.gsfc.nasa.gov/api/v2.1/events/EONET_5860,8,Wildfires,PDC,http://emops.pdc.org/emops/?hazard_id=128711,2021-08-16T19:40:00Z,Point,"[-115.44254, 49.19144]"
EONET_5870,"Wildfire - British Columbia (Brook Creek Fire), Canada",,https://eonet.gsfc.nasa.gov/api/v2.1/events/EONET_5870,8,Wildfires,PDC,http://emops.pdc.org/emops/?hazard_id=128709,2021-08-16T19:33:00Z,Point,"[-120.89404, 49.83591]"
EONET_5861,"Wildfires - Stevens County (Ford Corkscrew Fire), Washington, United States",,https://eonet.gsfc.nasa.gov/api/v2.1/events/EONET_5861,8,Wildfires,PDC,http://emops.pdc.org/emops/?hazard_id=128706,2021-08-16T19:24:00Z,Point,"[-117.72662, 47.93565]"
EONET_5862,"Wildfires - Lake County (Greenwood Fire), Minnesota, United States",,https://eonet.gsfc.nasa.gov/api/v2.1/events/EONET_5862,8,Wildfires,PDC,http://emops.pdc.org/emops/?hazard_id=128705,2021-08-16T19:19:00Z,Point,"[-91.62542, 47.56328]"
EONET_5866,Wildfire - NW of Podgorica - Montenegro,,https://eonet.gsfc.nasa.gov/api/v2.1/events/EONET_5866,8,Wildfires,PDC,http://emops.pdc.org/emops/?hazard_id=128694,2021-08-16T17:41:00Z,Point,"[19.047319774, 42.700772124]"
EONET_5867,"Wildfire - SE of Piraivs, Attiki - Greece",,https://eonet.gsfc.nasa.gov/api/v2.1/events/EONET_5867,8,Wildfires,PDC,http://emops.pdc.org/emops/?hazard_id=128689,2021-08-16T14:43:00Z,Point,"[24.008749506, 37.733485333]"
EONET_5868,Wildfire - E of Porto - Portugal,,https://eonet.gsfc.nasa.gov/api/v2.1/events/EONET_5868,8,Wildfires,PDC,http://emops.pdc.org/emops/?hazard_id=128687,2021-08-16T14:43:00Z,Point,"[-8.403170843, 41.111616348]"
EONET_5869,"Wildfire - SE of Ourense, Galicia  - Spain",,https://eonet.gsfc.nasa.gov/api/v2.1/events/EONET_5869,8,Wildfires,PDC,http://emops.pdc.org/emops/?hazard_id=128686,2021-08-16T14:43:00Z,Point,"[-7.52612883, 42.13337054]"
EONET_5856,"Wildfires - Salt Lake and Summit Counties (Parleys Canyon Fire), Utah, United States",,https://eonet.gsfc.nasa.gov/api/v2.1/events/EONET_5856,8,Wildfires,PDC,http://emops.pdc.org/emops/?hazard_id=128640,2021-08-15T23:31:00Z,Point,"[-111.64845, 40.73292]"
EONET_5855,"Wildfire - NW of Caserta, Campania - Italy",,https://eonet.gsfc.nasa.gov/api/v2.1/events/EONET_5855,8,Wildfires,PDC,http://emops.pdc.org/emops/?hazard_id=128617,2021-08-15T14:41:00Z,Point,"[13.529296144, 41.353574931]"
EONET_5854,"Wildfire - NW of Montpelier, Idaho - United States",,https://eonet.gsfc.nasa.gov/api/v2.1/events/EONET_5854,8,Wildfires,PDC,http://emops.pdc.org/emops/?hazard_id=128611,2021-08-15T11:54:00Z,Point,"[-111.592808877, 42.685232232]"
EONET_5851,"Wildfire - SE of Salamanca, Castilla y Len  - Spain",,https://eonet.gsfc.nasa.gov/api/v2.1/events/EONET_5851,8,Wildfires,PDC,http://emops.pdc.org/emops/?hazard_id=128595,2021-08-15T02:41:00Z,Point,"[-4.941953917, 40.497498017]"
EONET_5844,"Wildfire - NW of Crotone, Calabria - Italy",,https://eonet.gsfc.nasa.gov/api/v2.1/events/EONET_5844,8,Wildfires,PDC,http://emops.pdc.org/emops/?hazard_id=128517,2021-08-14T02:41:00Z,Point,"[16.811103215, 39.406022427]"
EONET_5891,John Ek Fire,,https://eonet.gsfc.nasa.gov/api/v2.1/events/EONET_5891,8,Wildfires,InciWeb,http://inciweb.nwcg.gov/incident/7808/,2021-08-14T00:00:00Z,Point,"[-91.016, 47.981]"
EONET_5841,"Stevens County (Nine Mine Fire), Washington, United States",,https://eonet.gsfc.nasa.gov/api/v2.1/events/EONET_5841,8,Wildfires,PDC,http://emops.pdc.org/emops/?hazard_id=128471,2021-08-13T18:01:00Z,Point,"[-118.21131, 48.94482]"
EONET_5827,"Wildfire - E of Rome, Lazio - Italy",,https://eonet.gsfc.nasa.gov/api/v2.1/events/EONET_5827,8,Wildfires,PDC,http://emops.pdc.org/emops/?hazard_id=128408,2021-08-13T02:41:00Z,Point,"[12.807477192, 41.975235893]"
EONET_5828,"Wildfire - W of Bejaia, Bjaa - Algeria",,https://eonet.gsfc.nasa.gov/api/v2.1/events/EONET_5828,8,Wildfires,PDC,http://emops.pdc.org/emops/?hazard_id=128344,2021-08-12T17:27:00Z,Point,"[4.84825, 36.70731]"
EONET_5829,"Wildfires - Enna Province, Sicily, Italy",,https://eonet.gsfc.nasa.gov/api/v2.1/events/EONET_5829,8,Wildfires,PDC,http://emops.pdc.org/emops/?hazard_id=128325,2021-08-12T16:08:00Z,Point,"[14.30792, 37.52055]"
EONET_5830,"Wildfires - Yuba County (Glen Fire), California, United States",,https://eonet.gsfc.nasa.gov/api/v2.1/events/EONET_5830,8,Wildfires,PDC,http://emops.pdc.org/emops/?hazard_id=128320,2021-08-12T15:45:00Z,Point,"[-121.29963, 39.40551]"
EONET_5832,"Patton Meadow Fire, Klamath and Lake Counties, Oregon, United States",,https://eonet.gsfc.nasa.gov/api/v2.1/events/EONET_5832,8,Wildfires,InciWeb,http://inciweb.nwcg.gov/incident/7798/,2021-08-12T15:30:00Z,Point,"[-120.599, 42.21]"
EONET_5824,"Wildfire - S of Potenza, Basilicata - Italy",,https://eonet.gsfc.nasa.gov/api/v2.1/events/EONET_5824,8,Wildfires,PDC,http://emops.pdc.org/emops/?hazard_id=128225,2021-08-11T11:41:00Z,Point,"[15.886187733, 39.80247011]"
EONET_5821,"Wildfires - Ancient Olympia, Greece",,https://eonet.gsfc.nasa.gov/api/v2.1/events/EONET_5821,8,Wildfires,PDC,http://emops.pdc.org/emops/?hazard_id=128149,2021-08-10T15:51:00Z,Point,"[21.8275, 37.64685]"
EONET_5820,"Wildfire - E of Reggio di Calabria, Calabria - Italy",,https://eonet.gsfc.nasa.gov/api/v2.1/events/EONET_5820,8,Wildfires,PDC,http://emops.pdc.org/emops/?hazard_id=128145,2021-08-10T14:41:00Z,Point,"[15.922377809, 38.141349887]"
EONET_5822,"Wildfire - SE of Tizi-Ouzou, Tizi Ouzou - Algeria",,https://eonet.gsfc.nasa.gov/api/v2.1/events/EONET_5822,8,Wildfires,PDC,http://emops.pdc.org/emops/?hazard_id=128143,2021-08-10T13:55:00Z,Point,"[4.32671, 36.59086]"
EONET_5815,"Wildfires - British Columbia (Mowhokam Creek Fire), Canada",,https://eonet.gsfc.nasa.gov/api/v2.1/events/EONET_5815,8,Wildfires,PDC,http://emops.pdc.org/emops/?hazard_id=128056,2021-08-09T15:34:00Z,Point,"[-121.44627, 50.06766]"
EONET_5816,"Wildfires - British Columbia (George Road Fire), Canada",,https://eonet.gsfc.nasa.gov/api/v2.1/events/EONET_5816,8,Wildfires,PDC,http://emops.pdc.org/emops/?hazard_id=128055,2021-08-09T15:21:00Z,Point,"[-121.54309, 50.19223]"
EONET_5813,"Wildfires - Okanogan County (Chickadee Fire), Washington, United States",,https://eonet.gsfc.nasa.gov/api/v2.1/events/EONET_5813,8,Wildfires,PDC,http://emops.pdc.org/emops/?hazard_id=128054,2021-08-09T15:10:00Z,Point,"[-119.79643, 48.76877]"
EONET_5814,"Wildfires - Evia Island, Greece",,https://eonet.gsfc.nasa.gov/api/v2.1/events/EONET_5814,8,Wildfires,PDC,http://emops.pdc.org/emops/?hazard_id=128052,2021-08-09T14:53:00Z,Point,"[23.23897, 38.97683]"
EONET_5803,Wildfire - N of Podgorica - Montenegro,,https://eonet.gsfc.nasa.gov/api/v2.1/events/EONET_5803,8,Wildfires,PDC,http://emops.pdc.org/emops/?hazard_id=127987,2021-08-08T11:43:00Z,Point,"[19.217378153, 43.216020669]"
EONET_5790,"Wildfires - Colville Indian Reservation (Whitmore Fire), Washington, United States",,https://eonet.gsfc.nasa.gov/api/v2.1/events/EONET_5790,8,Wildfires,PDC,http://emops.pdc.org/emops/?hazard_id=127909,2021-08-06T20:29:00Z,Point,"[-119.14283, 48.16566]"
EONET_5791,"Wildfires - Siskiyou County (McCash Fire), California, United States",,https://eonet.gsfc.nasa.gov/api/v2.1/events/EONET_5791,8,Wildfires,PDC,http://emops.pdc.org/emops/?hazard_id=127908,2021-08-06T20:16:00Z,Point,"[-123.39812, 41.56375]"
EONET_5792,"Wildfires - Douglas County (Devils Knob Complex), Oregon, United States",,https://eonet.gsfc.nasa.gov/api/v2.1/events/EONET_5792,8,Wildfires,PDC,http://emops.pdc.org/emops/?hazard_id=127906,2021-08-06T19:52:00Z,Point,"[-122.83812, 42.90764]"
EONET_5802,Needles Fire,,https://eonet.gsfc.nasa.gov/api/v2.1/events/EONET_5802,8,Wildfires,InciWeb,http://inciweb.nwcg.gov/incident/7784/,2021-08-06T18:30:00Z,Point,"[-111.175, 46.467]"
EONET_5793,"Wildfire - E of Kalamata, Peloponnisos - Greece",,https://eonet.gsfc.nasa.gov/api/v2.1/events/EONET_5793,8,Wildfires,PDC,http://emops.pdc.org/emops/?hazard_id=127893,2021-08-06T17:43:00Z,Point,"[22.244933855, 37.051774213]"
EONET_5779,"Wildfire - N of Athens, Attiki - Greece",,https://eonet.gsfc.nasa.gov/api/v2.1/events/EONET_5779,8,Wildfires,PDC,http://emops.pdc.org/emops/?hazard_id=127875,2021-08-06T02:41:00Z,Point,"[23.809994396, 38.179266359]"
EONET_5781,"Wildfire - Yakima County (Schneider Springs Fire), Washington, United States",,https://eonet.gsfc.nasa.gov/api/v2.1/events/EONET_5781,8,Wildfires,PDC,http://emops.pdc.org/emops/?hazard_id=127861,2021-08-05T20:21:00Z,Point,"[-121.15523, 46.84509]"
EONET_5782,"Wildfires - British Columbia (Helmut/Kotcho Lake Fire), Canada",,https://eonet.gsfc.nasa.gov/api/v2.1/events/EONET_5782,8,Wildfires,PDC,http://emops.pdc.org/emops/?hazard_id=127860,2021-08-05T19:59:00Z,Point,"[-120.96992, 59.45171]"
EONET_5801,Bulldog Mountain Fire,,https://eonet.gsfc.nasa.gov/api/v2.1/events/EONET_5801,8,Wildfires,InciWeb,http://inciweb.nwcg.gov/incident/7785/,2021-08-05T15:00:00Z,Point,"[-118.271, 48.791]"
EONET_5780,"Wildfire - E of Reggio di Calabria, Calabria - Italy",,https://eonet.gsfc.nasa.gov/api/v2.1/events/EONET_5780,8,Wildfires,PDC,http://emops.pdc.org/emops/?hazard_id=127842,2021-08-05T14:41:00Z,Point,"[15.860281114, 38.06253427]"
EONET_5783,"Wildfires - Nevada and Placer Counties (River Fire), California, United States",,https://eonet.gsfc.nasa.gov/api/v2.1/events/EONET_5783,8,Wildfires,PDC,http://emops.pdc.org/emops/?hazard_id=127837,2021-08-05T13:45:00Z,Point,"[-120.97613, 39.11329]"
EONET_5778,Wildfire - NE of Mugla - Turkey,,https://eonet.gsfc.nasa.gov/api/v2.1/events/EONET_5778,8,Wildfires,PDC,http://emops.pdc.org/emops/?hazard_id=127819,2021-08-05T03:14:00Z,Point,"[28.44278, 37.24411]"
EONET_5817,"Spur Fire, Okanogan County, Washington, United States",,https://eonet.gsfc.nasa.gov/api/v2.1/events/EONET_5817,8,Wildfires,InciWeb,http://inciweb.nwcg.gov/incident/7789/,2021-08-05T02:00:00Z,Point,"[-119.079, 48.815]"
EONET_5889,Mack Mountain Fire,,https://eonet.gsfc.nasa.gov/api/v2.1/events/EONET_5889,8,Wildfires,InciWeb,http://inciweb.nwcg.gov/incident/7814/,2021-08-05T00:00:00Z,Point,"[-118.359, 48.69]"
EONET_5770,"Wildfires - NE of Kochani City, North Macedonia",,https://eonet.gsfc.nasa.gov/api/v2.1/events/EONET_5770,8,Wildfires,PDC,http://emops.pdc.org/emops/?hazard_id=127795,2021-08-04T16:48:00Z,Point,"[22.46409, 42.01566]"
EONET_5771,Wildfires - Southwestern Albania,,https://eonet.gsfc.nasa.gov/api/v2.1/events/EONET_5771,8,Wildfires,PDC,http://emops.pdc.org/emops/?hazard_id=127794,2021-08-04T16:46:00Z,Point,"[20.10249, 40.07284]"
EONET_5804,"Muckamuck Fire, Okanogan County, Washington, United States",,https://eonet.gsfc.nasa.gov/api/v2.1/events/EONET_5804,8,Wildfires,InciWeb,http://inciweb.nwcg.gov/incident/7786/,2021-08-04T11:00:00Z,Point,"[-119.832, 48.575]"
EONET_5759,"Wildfire - NW of Chalkida, Stere Ellda - Greece",,https://eonet.gsfc.nasa.gov/api/v2.1/events/EONET_5759,8,Wildfires,PDC,http://emops.pdc.org/emops/?hazard_id=127770,2021-08-04T02:39:00Z,Point,"[23.324881191, 38.811353392]"
EONET_5788,"Wildfire MB-EA196, Manitoba, Canada",,https://eonet.gsfc.nasa.gov/api/v2.1/events/EONET_5788,8,Wildfires,MBFIRE,http://www.gov.mb.ca/sd/fire/Fire-Statistic/2021/MBFIRE21.txt,2021-08-04T00:00:00Z,Point,"[-96.4772, 52.3744]"
EONET_5859,Chickadee Creek Fire,,https://eonet.gsfc.nasa.gov/api/v2.1/events/EONET_5859,8,Wildfires,InciWeb,http://inciweb.nwcg.gov/incident/7788/,2021-08-04T00:00:00Z,Point,"[-119.788, 48.763]"
EONET_5768,"Wildfire - Siskiyou County (River Complex), California, United States",,https://eonet.gsfc.nasa.gov/api/v2.1/events/EONET_5768,8,Wildfires,PDC,http://emops.pdc.org/emops/?hazard_id=127748,2021-08-03T16:37:00Z,Point,"[-123.05161, 41.1534]"
EONET_5761,"Wildfires - Rhodes Island, Greece",,https://eonet.gsfc.nasa.gov/api/v2.1/events/EONET_5761,8,Wildfires,PDC,http://emops.pdc.org/emops/?hazard_id=127746,2021-08-03T15:58:00Z,Point,"[28.07286, 36.34799]"
EONET_5796,Devil&#039;s Knob Complex Fire,,https://eonet.gsfc.nasa.gov/api/v2.1/events/EONET_5796,8,Wildfires,InciWeb,http://inciweb.nwcg.gov/incident/7771/,2021-08-03T08:00:00Z,Point,"[-122.87, 42.874]"
EONET_5748,"Wildfire - Siskiyou County (Antelope Fire), California, United States",,https://eonet.gsfc.nasa.gov/api/v2.1/events/EONET_5748,8,Wildfires,PDC,http://emops.pdc.org/emops/?hazard_id=127713,2021-08-02T23:25:00Z,Point,"[-121.92528, 41.50178]"
EONET_5751,"Wildfire - Lane County (Middle Fork Complex), Oregon, United States",,https://eonet.gsfc.nasa.gov/api/v2.1/events/EONET_5751,8,Wildfires,PDC,http://emops.pdc.org/emops/?hazard_id=127683,2021-08-02T18:11:00Z,Point,"[-122.47228, 43.95022]"
EONET_5749,"Wildfire - Trinity County (Monument Fire), California, United States",,https://eonet.gsfc.nasa.gov/api/v2.1/events/EONET_5749,8,Wildfires,PDC,http://emops.pdc.org/emops/?hazard_id=127682,2021-08-02T18:02:00Z,Point,"[-123.31743, 40.748]"
EONET_5750,"Wildfire - Lake County (Boulder 2700 Fire), Montana, United States",,https://eonet.gsfc.nasa.gov/api/v2.1/events/EONET_5750,8,Wildfires,PDC,http://emops.pdc.org/emops/?hazard_id=127681,2021-08-02T17:55:00Z,Point,"[-113.99586, 47.77489]"
EONET_5752,"Wildfire - Bonner County (Pioneer Fire), Idaho, United States",,https://eonet.gsfc.nasa.gov/api/v2.1/events/EONET_5752,8,Wildfires,PDC,http://emops.pdc.org/emops/?hazard_id=127680,2021-08-02T17:49:00Z,Point,"[-116.92985, 48.21894]"
EONET_5753,"Wildfires - Aigialeia Municipality, Greece",,https://eonet.gsfc.nasa.gov/api/v2.1/events/EONET_5753,8,Wildfires,PDC,http://emops.pdc.org/emops/?hazard_id=127676,2021-08-02T17:11:00Z,Point,"[21.96864, 38.30693]"
EONET_5754,"Wildfires - Termoli, Italy",,https://eonet.gsfc.nasa.gov/api/v2.1/events/EONET_5754,8,Wildfires,PDC,http://emops.pdc.org/emops/?hazard_id=127675,2021-08-02T17:04:00Z,Point,"[14.92611, 41.90777]"
EONET_5755,"Wildfires - Catania, Italy",,https://eonet.gsfc.nasa.gov/api/v2.1/events/EONET_5755,8,Wildfires,PDC,http://emops.pdc.org/emops/?hazard_id=127674,2021-08-02T16:56:00Z,Point,"[14.98278, 37.7455]"
EONET_5769,Wildfire - E of Antalya - Turkey,,https://eonet.gsfc.nasa.gov/api/v2.1/events/EONET_5769,8,Wildfires,PDC,http://emops.pdc.org/emops/?hazard_id=127650,2021-08-02T03:11:00Z,Point,"[31.61545, 36.90983]"
EONET_5772,Wildfire - SW of Mugla - Turkey,,https://eonet.gsfc.nasa.gov/api/v2.1/events/EONET_5772,8,Wildfires,PDC,http://emops.pdc.org/emops/?hazard_id=127649,2021-08-02T03:10:00Z,Point,"[27.87693, 36.96302]"
EONET_5775,"Wildfire MB-NO135, Manitoba, Canada",,https://eonet.gsfc.nasa.gov/api/v2.1/events/EONET_5775,8,Wildfires,MBFIRE,http://www.gov.mb.ca/sd/fire/Fire-Statistic/2021/MBFIRE21.txt,2021-08-02T00:00:00Z,Point,"[-99.6875, 56.4297]"
EONET_5840,"Wildfire MB-NO132, Manitoba, Canada",,https://eonet.gsfc.nasa.gov/api/v2.1/events/EONET_5840,8,Wildfires,MBFIRE,http://www.gov.mb.ca/sd/fire/Fire-Statistic/2021/MBFIRE21.txt,2021-08-02T00:00:00Z,Point,"[-101.4542, 56.8306]"
EONET_5904,"Wildfire MB-NO134, Manitoba, Canada",,https://eonet.gsfc.nasa.gov/api/v2.1/events/EONET_5904,8,Wildfires,MBFIRE,http://www.gov.mb.ca/sd/fire/Fire-Statistic/2021/MBFIRE21.txt,2021-08-02T00:00:00Z,Point,"[-100.4708, 56.4594]"
EONET_5760,"Wildfire - Trinity County (McFarland Fire), California, United States",,https://eonet.gsfc.nasa.gov/api/v2.1/events/EONET_5760,8,Wildfires,PDC,http://emops.pdc.org/emops/?hazard_id=127634,2021-08-01T23:42:00Z,Point,"[-123.06769, 40.34992]"
EONET_5735,"Wildfire -  Waimea, Hawaii County, Hawaii",,https://eonet.gsfc.nasa.gov/api/v2.1/events/EONET_5735,8,Wildfires,PDC,http://emops.pdc.org/emops/?hazard_id=127585,2021-08-01T01:45:00Z,Point,"[-155.61588, 19.95018]"
EONET_5744,"Wildfire MB-NO124, Manitoba, Canada",,https://eonet.gsfc.nasa.gov/api/v2.1/events/EONET_5744,8,Wildfires,MBFIRE,http://www.gov.mb.ca/sd/fire/Fire-Statistic/2021/MBFIRE21.txt,2021-08-01T00:00:00Z,Point,"[-96.3331, 56.9119]"
EONET_5745,"Wildfire MB-NO125, Manitoba, Canada",,https://eonet.gsfc.nasa.gov/api/v2.1/events/EONET_5745,8,Wildfires,MBFIRE,http://www.gov.mb.ca/sd/fire/Fire-Statistic/2021/MBFIRE21.txt,2021-08-01T00:00:00Z,Point,"[-96.3789, 57.1783]"
EONET_5746,"Wildfire MB-NO126, Manitoba, Canada",,https://eonet.gsfc.nasa.gov/api/v2.1/events/EONET_5746,8,Wildfires,MBFIRE,http://www.gov.mb.ca/sd/fire/Fire-Statistic/2021/MBFIRE21.txt,2021-08-01T00:00:00Z,Point,"[-96.8731, 57.2778]"
EONET_5765,"Wildfire MB-NO129, Manitoba, Canada",,https://eonet.gsfc.nasa.gov/api/v2.1/events/EONET_5765,8,Wildfires,MBFIRE,http://www.gov.mb.ca/sd/fire/Fire-Statistic/2021/MBFIRE21.txt,2021-08-01T00:00:00Z,Point,"[-100.3767, 56.7183]"
EONET_5797,McCash Fire,,https://eonet.gsfc.nasa.gov/api/v2.1/events/EONET_5797,8,Wildfires,InciWeb,http://inciweb.nwcg.gov/incident/7757/,2021-07-31T19:11:00Z,Point,"[-123.404, 41.564]"
EONET_5839,"Wildfire MB-NO121, Manitoba, Canada",,https://eonet.gsfc.nasa.gov/api/v2.1/events/EONET_5839,8,Wildfires,MBFIRE,http://www.gov.mb.ca/sd/fire/Fire-Statistic/2021/MBFIRE21.txt,2021-07-31T00:00:00Z,Point,"[-95.0492, 57.4306]"
EONET_5742,Monument Fire,,https://eonet.gsfc.nasa.gov/api/v2.1/events/EONET_5742,8,Wildfires,InciWeb,http://inciweb.nwcg.gov/incident/7750/,2021-07-30T18:00:00Z,Point,"[-123.337, 40.752]"
EONET_5732,"Wildfire - Qoubaiyat, Lebanon",,https://eonet.gsfc.nasa.gov/api/v2.1/events/EONET_5732,8,Wildfires,PDC,http://emops.pdc.org/emops/?hazard_id=127500,2021-07-30T16:52:00Z,Point,"[36.31338, 34.5457]"
EONET_5733,"Wildfire - Kef and Jendouba  Governorates, Tunisia",,https://eonet.gsfc.nasa.gov/api/v2.1/events/EONET_5733,8,Wildfires,PDC,http://emops.pdc.org/emops/?hazard_id=127499,2021-07-30T16:50:00Z,Point,"[8.67799, 36.52297]"
EONET_5725,"Wildfire - SW of Messina, Sicily - Italy",,https://eonet.gsfc.nasa.gov/api/v2.1/events/EONET_5725,8,Wildfires,PDC,http://emops.pdc.org/emops/?hazard_id=127464,2021-07-30T02:37:00Z,Point,"[15.387676131, 38.029739929]"
EONET_5766,"Wildfire MB-WE083, Manitoba, Canada",,https://eonet.gsfc.nasa.gov/api/v2.1/events/EONET_5766,8,Wildfires,MBFIRE,http://www.gov.mb.ca/sd/fire/Fire-Statistic/2021/MBFIRE21.txt,2021-07-30T00:00:00Z,Point,"[-100.8642, 55.2464]"
EONET_5798,Rough Patch Complex Fire,,https://eonet.gsfc.nasa.gov/api/v2.1/events/EONET_5798,8,Wildfires,InciWeb,http://inciweb.nwcg.gov/incident/7758/,2021-07-29T20:55:00Z,Point,"[-122.676, 43.511]"
EONET_5736,McFarland Fire,,https://eonet.gsfc.nasa.gov/api/v2.1/events/EONET_5736,8,Wildfires,InciWeb,http://inciweb.nwcg.gov/incident/7746/,2021-07-29T18:45:00Z,Point,"[-123.034, 40.35]"
EONET_5737,Deep Creek Fire,,https://eonet.gsfc.nasa.gov/api/v2.1/events/EONET_5737,8,Wildfires,InciWeb,http://inciweb.nwcg.gov/incident/7744/,2021-07-29T17:54:00Z,Point,"[-120.951, 44.983]"
EONET_5762,Middle Fork Complex Fire,,https://eonet.gsfc.nasa.gov/api/v2.1/events/EONET_5762,8,Wildfires,InciWeb,http://inciweb.nwcg.gov/incident/7745/,2021-07-29T14:00:00Z,Point,"[-122.409, 43.869]"
EONET_5721,"Wildfires - Garfield County (Green Ridge Fire), Washington, United States",,https://eonet.gsfc.nasa.gov/api/v2.1/events/EONET_5721,8,Wildfires,PDC,http://emops.pdc.org/emops/?hazard_id=127345,2021-07-28T15:57:00Z,Point,"[-117.72063, 46.17848]"
EONET_5722,"Wildfires - Beaverhead County (Trail Creek Fire), Montana, United States",,https://eonet.gsfc.nasa.gov/api/v2.1/events/EONET_5722,8,Wildfires,PDC,http://emops.pdc.org/emops/?hazard_id=127344,2021-07-28T15:37:00Z,Point,"[-113.84928, 45.60727]"
EONET_5723,"Wildfire - Spokane County (Hazard Hill Fire), Washington, United States",,https://eonet.gsfc.nasa.gov/api/v2.1/events/EONET_5723,8,Wildfires,PDC,http://emops.pdc.org/emops/?hazard_id=127343,2021-07-28T15:18:00Z,Point,"[-117.47202, 47.82259]"
EONET_5729,"Wildfire MB-NO110, Manitoba, Canada",,https://eonet.gsfc.nasa.gov/api/v2.1/events/EONET_5729,8,Wildfires,MBFIRE,http://www.gov.mb.ca/sd/fire/Fire-Statistic/2021/MBFIRE21.txt,2021-07-28T00:00:00Z,Point,"[-96.6219, 58.2822]"
EONET_5730,"Wildfire MB-WE080, Manitoba, Canada",,https://eonet.gsfc.nasa.gov/api/v2.1/events/EONET_5730,8,Wildfires,MBFIRE,http://www.gov.mb.ca/sd/fire/Fire-Statistic/2021/MBFIRE21.txt,2021-07-28T00:00:00Z,Point,"[-101.3808, 53.4831]"
EONET_5838,"Wildfire MB-NO106, Manitoba, Canada",,https://eonet.gsfc.nasa.gov/api/v2.1/events/EONET_5838,8,Wildfires,MBFIRE,http://www.gov.mb.ca/sd/fire/Fire-Statistic/2021/MBFIRE21.txt,2021-07-28T00:00:00Z,Point,"[-98.6256, 58.0589]"
EONET_5848,"Wildfire MB-NO108, Manitoba, Canada",,https://eonet.gsfc.nasa.gov/api/v2.1/events/EONET_5848,8,Wildfires,MBFIRE,http://www.gov.mb.ca/sd/fire/Fire-Statistic/2021/MBFIRE21.txt,2021-07-28T00:00:00Z,Point,"[-93.9208, 56.9667]"
EONET_5849,"Wildfire MB-NO112, Manitoba, Canada",,https://eonet.gsfc.nasa.gov/api/v2.1/events/EONET_5849,8,Wildfires,MBFIRE,http://www.gov.mb.ca/sd/fire/Fire-Statistic/2021/MBFIRE21.txt,2021-07-28T00:00:00Z,Point,"[-95.1853, 55.8328]"
EONET_5719,"Wildfire - Broadwater County (Woods Creek Fire), Montana, United States",,https://eonet.gsfc.nasa.gov/api/v2.1/events/EONET_5719,8,Wildfires,PDC,http://emops.pdc.org/emops/?hazard_id=127300,2021-07-27T15:20:00Z,Point,"[-111.30538, 46.5346]"
EONET_5718,"Wildfire - Colville Reservation (Summit Trail Fire), Washington, United States",,https://eonet.gsfc.nasa.gov/api/v2.1/events/EONET_5718,8,Wildfires,PDC,http://emops.pdc.org/emops/?hazard_id=127299,2021-07-27T15:15:00Z,Point,"[-118.48844, 48.35746]"
EONET_5705,"Wildfires - Albacete. Castilla la Mancha, Spain",,https://eonet.gsfc.nasa.gov/api/v2.1/events/EONET_5705,8,Wildfires,PDC,http://emops.pdc.org/emops/?hazard_id=127279,2021-07-26T21:59:00Z,Point,"[-1.8015, 38.46407]"
EONET_5706,"Wildfires - Catalonia, Spain",,https://eonet.gsfc.nasa.gov/api/v2.1/events/EONET_5706,8,Wildfires,PDC,http://emops.pdc.org/emops/?hazard_id=127278,2021-07-26T21:56:00Z,Point,"[1.45238, 41.50593]"
EONET_5707,"Wildfires - Aragon, Spain",,https://eonet.gsfc.nasa.gov/api/v2.1/events/EONET_5707,8,Wildfires,PDC,http://emops.pdc.org/emops/?hazard_id=127277,2021-07-26T21:54:00Z,Point,"[0.34014, 42.19169]"
EONET_5708,"Wildfires - Andalucia, Spain",,https://eonet.gsfc.nasa.gov/api/v2.1/events/EONET_5708,8,Wildfires,PDC,http://emops.pdc.org/emops/?hazard_id=127276,2021-07-26T21:51:00Z,Point,"[-6.60248, 37.44168]"
EONET_5693,"Wildfires - British Columbia (Trozzo Creek Fire), Canada",,https://eonet.gsfc.nasa.gov/api/v2.1/events/EONET_5693,8,Wildfires,PDC,http://emops.pdc.org/emops/?hazard_id=127264,2021-07-26T19:28:00Z,Point,"[-117.45453, 49.64172]"
EONET_5694,"Wildfires - British Columbia (Octopus Creek Fire), Canada",,https://eonet.gsfc.nasa.gov/api/v2.1/events/EONET_5694,8,Wildfires,PDC,http://emops.pdc.org/emops/?hazard_id=127263,2021-07-26T19:25:00Z,Point,"[-118.07207, 49.70377]"
EONET_5695,"Wildfires - British Columbia (Michaud Creek Fire), Canada",,https://eonet.gsfc.nasa.gov/api/v2.1/events/EONET_5695,8,Wildfires,PDC,http://emops.pdc.org/emops/?hazard_id=127262,2021-07-26T19:22:00Z,Point,"[-118.2039, 49.4979]"
EONET_5696,"Wildfires - British Columbia (Cultus Creek Fire), Canada",,https://eonet.gsfc.nasa.gov/api/v2.1/events/EONET_5696,8,Wildfires,PDC,http://emops.pdc.org/emops/?hazard_id=127261,2021-07-26T19:19:00Z,Point,"[-116.81074, 49.29791]"
EONET_5710,"Wildfire - Stevens County (Spruce Canyon Fire), Washington, United States",,https://eonet.gsfc.nasa.gov/api/v2.1/events/EONET_5710,8,Wildfires,PDC,http://emops.pdc.org/emops/?hazard_id=127256,2021-07-26T18:36:00Z,Point,"[-117.5832, 48.54019]"
EONET_5698,"Wildfire - Cascade County (American Fork Fire), Montana, United States",,https://eonet.gsfc.nasa.gov/api/v2.1/events/EONET_5698,8,Wildfires,PDC,http://emops.pdc.org/emops/?hazard_id=127255,2021-07-26T18:32:00Z,Point,"[-110.28626, 46.15516]"
EONET_5699,"Wildfire - Flathead County (Hay Creek Fire), Montana, United States",,https://eonet.gsfc.nasa.gov/api/v2.1/events/EONET_5699,8,Wildfires,PDC,http://emops.pdc.org/emops/?hazard_id=127254,2021-07-26T18:30:00Z,Point,"[-114.42992, 48.77414]"
EONET_5700,"Wildfires - Lincoln County (Burnt Peak Fire), Montana, United States",,https://eonet.gsfc.nasa.gov/api/v2.1/events/EONET_5700,8,Wildfires,PDC,http://emops.pdc.org/emops/?hazard_id=127253,2021-07-26T18:26:00Z,Point,"[-116.00995, 48.35426]"
EONET_5703,"Wildfire - Cascade County (Divide Complex - Balsinger Fire), Montana, United States",,https://eonet.gsfc.nasa.gov/api/v2.1/events/EONET_5703,8,Wildfires,PDC,http://emops.pdc.org/emops/?hazard_id=127234,2021-07-26T14:54:00Z,Point,"[-110.88619, 47.00918]"
EONET_5717,"Wildfire MB-WE078, Manitoba, Canada",,https://eonet.gsfc.nasa.gov/api/v2.1/events/EONET_5717,8,Wildfires,MBFIRE,http://www.gov.mb.ca/sd/fire/Fire-Statistic/2021/MBFIRE21.txt,2021-07-26T00:00:00Z,Point,"[-99.3464, 52.7903]"
EONET_5837,"Wildfire MB-NO102, Manitoba, Canada",,https://eonet.gsfc.nasa.gov/api/v2.1/events/EONET_5837,8,Wildfires,MBFIRE,http://www.gov.mb.ca/sd/fire/Fire-Statistic/2021/MBFIRE21.txt,2021-07-26T00:00:00Z,Point,"[-101.395, 57.3939]"
EONET_5678,"Wildfire - S of Sassari, Sardegna - Italy",,https://eonet.gsfc.nasa.gov/api/v2.1/events/EONET_5678,8,Wildfires,PDC,http://emops.pdc.org/emops/?hazard_id=127139,2021-07-25T02:37:00Z,Point,"[8.536184696, 40.164541093]"
EONET_5685,"Wildfire MB-EA177, Manitoba, Canada",,https://eonet.gsfc.nasa.gov/api/v2.1/events/EONET_5685,8,Wildfires,MBFIRE,http://www.gov.mb.ca/sd/fire/Fire-Statistic/2021/MBFIRE21.txt,2021-07-24T00:00:00Z,Point,"[-95.1817, 52.1794]"
EONET_5686,"Wildfire MB-WE069, Manitoba, Canada",,https://eonet.gsfc.nasa.gov/api/v2.1/events/EONET_5686,8,Wildfires,MBFIRE,http://www.gov.mb.ca/sd/fire/Fire-Statistic/2021/MBFIRE21.txt,2021-07-23T00:00:00Z,Point,"[-100.4111, 55.2847]"
EONET_5764,"Wildfire MB-EA171, Manitoba, Canada",,https://eonet.gsfc.nasa.gov/api/v2.1/events/EONET_5764,8,Wildfires,MBFIRE,http://www.gov.mb.ca/sd/fire/Fire-Statistic/2021/MBFIRE21.txt,2021-07-23T00:00:00Z,Point,"[-95.2278, 51.85]"
EONET_5877,"Wildfire MB-EA175, Manitoba, Canada",,https://eonet.gsfc.nasa.gov/api/v2.1/events/EONET_5877,8,Wildfires,MBFIRE,http://www.gov.mb.ca/sd/fire/Fire-Statistic/2021/MBFIRE21.txt,2021-07-23T00:00:00Z,Point,"[-96.9922, 51.5867]"
EONET_5670,"Wildfires - Karelia Region, Russia",,https://eonet.gsfc.nasa.gov/api/v2.1/events/EONET_5670,8,Wildfires,PDC,http://emops.pdc.org/emops/?hazard_id=127029,2021-07-22T16:35:00Z,Point,"[32.99343, 62.06172]"
EONET_5669,"Wildfire - Stevens County (Sherwood Fire), Washington, United States",,https://eonet.gsfc.nasa.gov/api/v2.1/events/EONET_5669,8,Wildfires,PDC,http://emops.pdc.org/emops/?hazard_id=127028,2021-07-22T16:33:00Z,Point,"[-117.97914, 47.91946]"
EONET_5684,"Wildfire MB-EA168, Manitoba, Canada",,https://eonet.gsfc.nasa.gov/api/v2.1/events/EONET_5684,8,Wildfires,MBFIRE,http://www.gov.mb.ca/sd/fire/Fire-Statistic/2021/MBFIRE21.txt,2021-07-22T00:00:00Z,Point,"[-95.6856, 52.3678]"
EONET_5662,"Wildfire - Stevens County (Goddard Road Fire), Washington, United States",,https://eonet.gsfc.nasa.gov/api/v2.1/events/EONET_5662,8,Wildfires,PDC,http://emops.pdc.org/emops/?hazard_id=126982,2021-07-21T16:55:00Z,Point,"[-118.13894, 48.46294]"
EONET_5664,"Wildfires - British Columbia (Three Valley Lake Fire), Canada",,https://eonet.gsfc.nasa.gov/api/v2.1/events/EONET_5664,8,Wildfires,PDC,http://emops.pdc.org/emops/?hazard_id=126981,2021-07-21T16:54:00Z,Point,"[-118.46305, 50.94242]"
EONET_5646,"Wildfire - Pyrenees-Orientales Department, France",,https://eonet.gsfc.nasa.gov/api/v2.1/events/EONET_5646,8,Wildfires,PDC,http://emops.pdc.org/emops/?hazard_id=126935,2021-07-20T17:26:00Z,Point,"[2.822, 42.71299]"
EONET_5647,"Wildfires - Carbon County (Robertson Draw Fire), Montana, United States",,https://eonet.gsfc.nasa.gov/api/v2.1/events/EONET_5647,8,Wildfires,PDC,http://emops.pdc.org/emops/?hazard_id=126922,2021-07-20T15:51:00Z,Point,"[-109.21818, 45.03283]"
EONET_5648,"Wildfires - Granite County (Anderson Hill Fire), Montana, United States",,https://eonet.gsfc.nasa.gov/api/v2.1/events/EONET_5648,8,Wildfires,PDC,http://emops.pdc.org/emops/?hazard_id=126921,2021-07-20T15:48:00Z,Point,"[-113.3085, 46.81666]"
EONET_5740,"Wildfire MB-NO086, Manitoba, Canada",,https://eonet.gsfc.nasa.gov/api/v2.1/events/EONET_5740,8,Wildfires,MBFIRE,http://www.gov.mb.ca/sd/fire/Fire-Statistic/2021/MBFIRE21.txt,2021-07-20T00:00:00Z,Point,"[-97.6342, 54.9514]"
EONET_5789,"Wildfire MB-NO088, Manitoba, Canada",,https://eonet.gsfc.nasa.gov/api/v2.1/events/EONET_5789,8,Wildfires,MBFIRE,http://www.gov.mb.ca/sd/fire/Fire-Statistic/2021/MBFIRE21.txt,2021-07-20T00:00:00Z,Point,"[-95.5306, 54.9883]"
EONET_5632,"Wildfires - Shoshone County (Character Complex), Idaho, United States",,https://eonet.gsfc.nasa.gov/api/v2.1/events/EONET_5632,8,Wildfires,PDC,http://emops.pdc.org/emops/?hazard_id=126869,2021-07-19T17:25:00Z,Point,"[-116.02637, 47.63211]"
EONET_5631,"Wildfires - Beaver County (Black Mountain Fire), Montana, United States",,https://eonet.gsfc.nasa.gov/api/v2.1/events/EONET_5631,8,Wildfires,PDC,http://emops.pdc.org/emops/?hazard_id=126861,2021-07-19T16:25:00Z,Point,"[-113.45966, 45.1798]"
EONET_5663,"Wildfire - SE of Berens River, Manitoba - Canada",,https://eonet.gsfc.nasa.gov/api/v2.1/events/EONET_5663,8,Wildfires,PDC,http://emops.pdc.org/emops/?hazard_id=126841,2021-07-19T08:27:00Z,Point,"[-96.30854, 51.71611]"
EONET_5675,"Wildfire MB-EA158, Manitoba, Canada",,https://eonet.gsfc.nasa.gov/api/v2.1/events/EONET_5675,8,Wildfires,MBFIRE,http://www.gov.mb.ca/sd/fire/Fire-Statistic/2021/MBFIRE21.txt,2021-07-19T00:00:00Z,Point,"[-96.635, 51.6619]"
EONET_5836,"Wildfire MB-NO084, Manitoba, Canada",,https://eonet.gsfc.nasa.gov/api/v2.1/events/EONET_5836,8,Wildfires,MBFIRE,http://www.gov.mb.ca/sd/fire/Fire-Statistic/2021/MBFIRE21.txt,2021-07-19T00:00:00Z,Point,"[-101.6169, 57.2164]"
EONET_5645,"Wildfires - Lemhi County (Mud Lick Fire), Idaho, United States",,https://eonet.gsfc.nasa.gov/api/v2.1/events/EONET_5645,8,Wildfires,PDC,http://emops.pdc.org/emops/?hazard_id=126821,2021-07-18T23:29:00Z,Point,"[-114.37901, 45.17826]"
EONET_5728,"Wildfire MB-EA151, Manitoba, Canada",,https://eonet.gsfc.nasa.gov/api/v2.1/events/EONET_5728,8,Wildfires,MBFIRE,http://www.gov.mb.ca/sd/fire/Fire-Statistic/2021/MBFIRE21.txt,2021-07-18T00:00:00Z,Point,"[-95.5411, 51.9061]"
EONET_5739,"Wildfire MB-EA153, Manitoba, Canada",,https://eonet.gsfc.nasa.gov/api/v2.1/events/EONET_5739,8,Wildfires,MBFIRE,http://www.gov.mb.ca/sd/fire/Fire-Statistic/2021/MBFIRE21.txt,2021-07-18T00:00:00Z,Point,"[-95.2328, 50.0664]"
EONET_5600,"Wildfire - S of Carson City, Nevada - United States",,https://eonet.gsfc.nasa.gov/api/v2.1/events/EONET_5600,8,Wildfires,PDC,http://emops.pdc.org/emops/?hazard_id=126695,2021-07-17T10:43:00Z,Point,"[-119.830586901, 38.670339768]"
EONET_5625,"Wildfire MB-NO083, Manitoba, Canada",,https://eonet.gsfc.nasa.gov/api/v2.1/events/EONET_5625,8,Wildfires,MBFIRE,http://www.gov.mb.ca/sd/fire/Fire-Statistic/2021/MBFIRE21.txt,2021-07-17T00:00:00Z,Point,"[-94.5611, 57.7175]"
EONET_5834,"Wildfire MB-NO077, Manitoba, Canada",,https://eonet.gsfc.nasa.gov/api/v2.1/events/EONET_5834,8,Wildfires,MBFIRE,http://www.gov.mb.ca/sd/fire/Fire-Statistic/2021/MBFIRE21.txt,2021-07-17T00:00:00Z,Point,"[-101.6903, 56.9311]"
EONET_5835,"Wildfire MB-NO079, Manitoba, Canada",,https://eonet.gsfc.nasa.gov/api/v2.1/events/EONET_5835,8,Wildfires,MBFIRE,http://www.gov.mb.ca/sd/fire/Fire-Statistic/2021/MBFIRE21.txt,2021-07-17T00:00:00Z,Point,"[-98.0678, 56.4281]"
EONET_5613,"Wildfire MB-NO073, Manitoba, Canada",,https://eonet.gsfc.nasa.gov/api/v2.1/events/EONET_5613,8,Wildfires,MBFIRE,http://www.gov.mb.ca/sd/fire/Fire-Statistic/2021/MBFIRE21.txt,2021-07-16T00:00:00Z,Point,"[-101.5875, 56.0403]"
EONET_5614,"Wildfire MB-WE064, Manitoba, Canada",,https://eonet.gsfc.nasa.gov/api/v2.1/events/EONET_5614,8,Wildfires,MBFIRE,http://www.gov.mb.ca/sd/fire/Fire-Statistic/2021/MBFIRE21.txt,2021-07-16T00:00:00Z,Point,"[-100.9611, 55.6261]"
EONET_5618,"Wildfire MB-EA145, Manitoba, Canada",,https://eonet.gsfc.nasa.gov/api/v2.1/events/EONET_5618,8,Wildfires,MBFIRE,http://www.gov.mb.ca/sd/fire/Fire-Statistic/2021/MBFIRE21.txt,2021-07-16T00:00:00Z,Point,"[-96.5444, 51.6989]"
EONET_5619,"Wildfire MB-WE062, Manitoba, Canada",,https://eonet.gsfc.nasa.gov/api/v2.1/events/EONET_5619,8,Wildfires,MBFIRE,http://www.gov.mb.ca/sd/fire/Fire-Statistic/2021/MBFIRE21.txt,2021-07-16T00:00:00Z,Point,"[-101.1478, 55.0983]"
EONET_5715,"Wildfire MB-EA150, Manitoba, Canada",,https://eonet.gsfc.nasa.gov/api/v2.1/events/EONET_5715,8,Wildfires,MBFIRE,http://www.gov.mb.ca/sd/fire/Fire-Statistic/2021/MBFIRE21.txt,2021-07-16T00:00:00Z,Point,"[-96.5489, 51.8814]"
EONET_5806,"Wildfire MB-NO074, Manitoba, Canada",,https://eonet.gsfc.nasa.gov/api/v2.1/events/EONET_5806,8,Wildfires,MBFIRE,http://www.gov.mb.ca/sd/fire/Fire-Statistic/2021/MBFIRE21.txt,2021-07-16T00:00:00Z,Point,"[-98.3178, 54.0622]"
EONET_5595,"Wildfires - Deschutes County (Darlene Fire), Oregon, United States",,https://eonet.gsfc.nasa.gov/api/v2.1/events/EONET_5595,8,Wildfires,PDC,http://emops.pdc.org/emops/?hazard_id=126550,2021-07-15T16:42:00Z,Point,"[-121.46825, 43.62011]"
EONET_5596,"Wildfires - Klickitat County (Lyle Hill Fire), Washington, United States",,https://eonet.gsfc.nasa.gov/api/v2.1/events/EONET_5596,8,Wildfires,PDC,http://emops.pdc.org/emops/?hazard_id=126549,2021-07-15T16:39:00Z,Point,"[-121.27131, 45.69798]"
EONET_5676,"Wildfire MB-WE058, Manitoba, Canada",,https://eonet.gsfc.nasa.gov/api/v2.1/events/EONET_5676,8,Wildfires,MBFIRE,http://www.gov.mb.ca/sd/fire/Fire-Statistic/2021/MBFIRE21.txt,2021-07-15T00:00:00Z,Point,"[-99.8561, 53.04]"
EONET_5577,"Wildfires - British Columbia (Camsell Lake Fire), Canada",,https://eonet.gsfc.nasa.gov/api/v2.1/events/EONET_5577,8,Wildfires,PDC,http://emops.pdc.org/emops/?hazard_id=126488,2021-07-14T20:50:00Z,Point,"[-124.99338, 54.49261]"
EONET_5579,"Wildfires - Okanogan County (Cedar Creek/Varden/Delancy Fires), California, United States",,https://eonet.gsfc.nasa.gov/api/v2.1/events/EONET_5579,8,Wildfires,PDC,http://emops.pdc.org/emops/?hazard_id=126476,2021-07-14T19:30:00Z,Point,"[-120.522, 48.57827]"
EONET_5617,"Wildfire MB-EA137, Manitoba, Canada",,https://eonet.gsfc.nasa.gov/api/v2.1/events/EONET_5617,8,Wildfires,MBFIRE,http://www.gov.mb.ca/sd/fire/Fire-Statistic/2021/MBFIRE21.txt,2021-07-14T00:00:00Z,Point,"[-96.4683, 51.5628]"
EONET_5635,"Wildfire MB-EA134, Manitoba, Canada",,https://eonet.gsfc.nasa.gov/api/v2.1/events/EONET_5635,8,Wildfires,MBFIRE,http://www.gov.mb.ca/sd/fire/Fire-Statistic/2021/MBFIRE21.txt,2021-07-14T00:00:00Z,Point,"[-96.1503, 51.5967]"
EONET_5636,"Wildfire MB-EA136, Manitoba, Canada",,https://eonet.gsfc.nasa.gov/api/v2.1/events/EONET_5636,8,Wildfires,MBFIRE,http://www.gov.mb.ca/sd/fire/Fire-Statistic/2021/MBFIRE21.txt,2021-07-14T00:00:00Z,Point,"[-96.3456, 51.5567]"
EONET_5637,"Wildfire MB-EA140, Manitoba, Canada",,https://eonet.gsfc.nasa.gov/api/v2.1/events/EONET_5637,8,Wildfires,MBFIRE,http://www.gov.mb.ca/sd/fire/Fire-Statistic/2021/MBFIRE21.txt,2021-07-14T00:00:00Z,Point,"[-96.0306, 52.0486]"
EONET_5692,"Wildfire MB-WE056, Manitoba, Canada",,https://eonet.gsfc.nasa.gov/api/v2.1/events/EONET_5692,8,Wildfires,MBFIRE,http://www.gov.mb.ca/sd/fire/Fire-Statistic/2021/MBFIRE21.txt,2021-07-14T00:00:00Z,Point,"[-99.9256, 55.4947]"
EONET_5714,"Wildfire MB-EA133, Manitoba, Canada",,https://eonet.gsfc.nasa.gov/api/v2.1/events/EONET_5714,8,Wildfires,MBFIRE,http://www.gov.mb.ca/sd/fire/Fire-Statistic/2021/MBFIRE21.txt,2021-07-14T00:00:00Z,Point,"[-95.9489, 51.4697]"
EONET_5833,"Wildfire MB-NO063, Manitoba, Canada",,https://eonet.gsfc.nasa.gov/api/v2.1/events/EONET_5833,8,Wildfires,MBFIRE,http://www.gov.mb.ca/sd/fire/Fire-Statistic/2021/MBFIRE21.txt,2021-07-14T00:00:00Z,Point,"[-96.7706, 56.3928]"
EONET_5540,"Wildfire - NW of Spokane, Washington - United States",,https://eonet.gsfc.nasa.gov/api/v2.1/events/EONET_5540,8,Wildfires,PDC,http://emops.pdc.org/emops/?hazard_id=126384,2021-07-13T10:42:00Z,Point,"[-118.910256697, 48.139651026]"
EONET_5567,"Wildfire MB-WE049, Manitoba, Canada",,https://eonet.gsfc.nasa.gov/api/v2.1/events/EONET_5567,8,Wildfires,MBFIRE,http://www.gov.mb.ca/sd/fire/Fire-Statistic/2021/MBFIRE21.txt,2021-07-13T00:00:00Z,Point,"[-100.2364, 55.7997]"
EONET_5573,"Wildfire MB-WE055, Manitoba, Canada",,https://eonet.gsfc.nasa.gov/api/v2.1/events/EONET_5573,8,Wildfires,MBFIRE,http://www.gov.mb.ca/sd/fire/Fire-Statistic/2021/MBFIRE21.txt,2021-07-13T00:00:00Z,Point,"[-100.1764, 55.3128]"
EONET_5642,"Wildfire MB-WE053, Manitoba, Canada",,https://eonet.gsfc.nasa.gov/api/v2.1/events/EONET_5642,8,Wildfires,MBFIRE,http://www.gov.mb.ca/sd/fire/Fire-Statistic/2021/MBFIRE21.txt,2021-07-13T00:00:00Z,Point,"[-101.9572, 55.5531]"
EONET_5643,"Wildfire MB-WE054, Manitoba, Canada",,https://eonet.gsfc.nasa.gov/api/v2.1/events/EONET_5643,8,Wildfires,MBFIRE,http://www.gov.mb.ca/sd/fire/Fire-Statistic/2021/MBFIRE21.txt,2021-07-13T00:00:00Z,Point,"[-100.1756, 55.3128]"
EONET_5690,"Wildfire MB-NO054, Manitoba, Canada",,https://eonet.gsfc.nasa.gov/api/v2.1/events/EONET_5690,8,Wildfires,MBFIRE,http://www.gov.mb.ca/sd/fire/Fire-Statistic/2021/MBFIRE21.txt,2021-07-13T00:00:00Z,Point,"[-99.1333, 55.5333]"
EONET_5541,"Wildfire - Chile Chico Commune (Cypress Fire), Chile",,https://eonet.gsfc.nasa.gov/api/v2.1/events/EONET_5541,8,Wildfires,PDC,http://emops.pdc.org/emops/?hazard_id=126338,2021-07-12T19:19:00Z,Point,"[-71.72344, -46.54211]"
EONET_5544,"Wildfires - British Columbia (Becker Lake Fire), Canada",,https://eonet.gsfc.nasa.gov/api/v2.1/events/EONET_5544,8,Wildfires,PDC,http://emops.pdc.org/emops/?hazard_id=126326,2021-07-12T17:43:00Z,Point,"[-119.20598, 50.26015]"
EONET_5549,"Wildfire - Mohave County (Elements Fire), Arizona, United States",,https://eonet.gsfc.nasa.gov/api/v2.1/events/EONET_5549,8,Wildfires,PDC,http://emops.pdc.org/emops/?hazard_id=126321,2021-07-12T16:45:00Z,Point,"[-114.08793, 35.43096]"
EONET_5539,"Wildfire - Mariposa County (River Fire), California, United States",,https://eonet.gsfc.nasa.gov/api/v2.1/events/EONET_5539,8,Wildfires,PDC,http://emops.pdc.org/emops/?hazard_id=126310,2021-07-12T14:44:00Z,Point,"[-119.84447, 37.33621]"
EONET_5563,"Wildfire MB-NO033, Manitoba, Canada",,https://eonet.gsfc.nasa.gov/api/v2.1/events/EONET_5563,8,Wildfires,MBFIRE,http://www.gov.mb.ca/sd/fire/Fire-Statistic/2021/MBFIRE21.txt,2021-07-12T00:00:00Z,Point,"[-94.4486, 54.045]"
EONET_5566,"Wildfire MB-WE048, Manitoba, Canada",,https://eonet.gsfc.nasa.gov/api/v2.1/events/EONET_5566,8,Wildfires,MBFIRE,http://www.gov.mb.ca/sd/fire/Fire-Statistic/2021/MBFIRE21.txt,2021-07-12T00:00:00Z,Point,"[-100.172, 55.7236]"
EONET_5640,"Wildfire MB-WE046, Manitoba, Canada",,https://eonet.gsfc.nasa.gov/api/v2.1/events/EONET_5640,8,Wildfires,MBFIRE,http://www.gov.mb.ca/sd/fire/Fire-Statistic/2021/MBFIRE21.txt,2021-07-12T00:00:00Z,Point,"[-101.7236, 55.6108]"
EONET_5641,"Wildfire MB-WE047, Manitoba, Canada",,https://eonet.gsfc.nasa.gov/api/v2.1/events/EONET_5641,8,Wildfires,MBFIRE,http://www.gov.mb.ca/sd/fire/Fire-Statistic/2021/MBFIRE21.txt,2021-07-12T00:00:00Z,Point,"[-99.5756, 55.0469]"
EONET_5659,"Wildfire MB-EA119, Manitoba, Canada",,https://eonet.gsfc.nasa.gov/api/v2.1/events/EONET_5659,8,Wildfires,MBFIRE,http://www.gov.mb.ca/sd/fire/Fire-Statistic/2021/MBFIRE21.txt,2021-07-12T00:00:00Z,Point,"[-95.1706, 51.3367]"
EONET_5716,"Wildfire MB-NO045, Manitoba, Canada",,https://eonet.gsfc.nasa.gov/api/v2.1/events/EONET_5716,8,Wildfires,MBFIRE,http://www.gov.mb.ca/sd/fire/Fire-Statistic/2021/MBFIRE21.txt,2021-07-12T00:00:00Z,Point,"[-96.1697, 56.3528]"
EONET_5538,"Wildfire MB-WE032, Manitoba, Canada",,https://eonet.gsfc.nasa.gov/api/v2.1/events/EONET_5538,8,Wildfires,MBFIRE,http://www.gov.mb.ca/sd/fire/Fire-Statistic/2021/MBFIRE21.txt,2021-07-11T00:00:00Z,Point,"[-100.1897, 55.1775]"
EONET_5565,"Wildfire MB-WE038, Manitoba, Canada",,https://eonet.gsfc.nasa.gov/api/v2.1/events/EONET_5565,8,Wildfires,MBFIRE,http://www.gov.mb.ca/sd/fire/Fire-Statistic/2021/MBFIRE21.txt,2021-07-11T00:00:00Z,Point,"[-101.7436, 55.1133]"
EONET_5638,"Wildfire MB-WE033, Manitoba, Canada",,https://eonet.gsfc.nasa.gov/api/v2.1/events/EONET_5638,8,Wildfires,MBFIRE,http://www.gov.mb.ca/sd/fire/Fire-Statistic/2021/MBFIRE21.txt,2021-07-11T00:00:00Z,Point,"[-100.1031, 55.2594]"
EONET_5639,"Wildfire MB-WE042, Manitoba, Canada",,https://eonet.gsfc.nasa.gov/api/v2.1/events/EONET_5639,8,Wildfires,MBFIRE,http://www.gov.mb.ca/sd/fire/Fire-Statistic/2021/MBFIRE21.txt,2021-07-11T00:00:00Z,Point,"[-100.0547, 54.4378]"
EONET_5658,"Wildfire MB-EA116, Manitoba, Canada",,https://eonet.gsfc.nasa.gov/api/v2.1/events/EONET_5658,8,Wildfires,MBFIRE,http://www.gov.mb.ca/sd/fire/Fire-Statistic/2021/MBFIRE21.txt,2021-07-11T00:00:00Z,Point,"[-95.8317, 51.8658]"
EONET_5691,"Wildfire MB-WE037, Manitoba, Canada",,https://eonet.gsfc.nasa.gov/api/v2.1/events/EONET_5691,8,Wildfires,MBFIRE,http://www.gov.mb.ca/sd/fire/Fire-Statistic/2021/MBFIRE21.txt,2021-07-11T00:00:00Z,Point,"[-99.6025, 54.7394]"
EONET_5805,"Wildfire MB-NO031, Manitoba, Canada",,https://eonet.gsfc.nasa.gov/api/v2.1/events/EONET_5805,8,Wildfires,MBFIRE,http://www.gov.mb.ca/sd/fire/Fire-Statistic/2021/MBFIRE21.txt,2021-07-11T00:00:00Z,Point,"[-97.2069, 54.2069]"
EONET_5892,"Wildfire MB-WE036, Manitoba, Canada",,https://eonet.gsfc.nasa.gov/api/v2.1/events/EONET_5892,8,Wildfires,MBFIRE,http://www.gov.mb.ca/sd/fire/Fire-Statistic/2021/MBFIRE21.txt,2021-07-11T00:00:00Z,Point,"[-99.6403, 54.6961]"
EONET_5847,"Wildfire MB-NO020, Manitoba, Canada",,https://eonet.gsfc.nasa.gov/api/v2.1/events/EONET_5847,8,Wildfires,MBFIRE,http://www.gov.mb.ca/sd/fire/Fire-Statistic/2021/MBFIRE21.txt,2021-07-10T00:00:00Z,Point,"[-95.175, 53.0706]"
EONET_5532,"Wildfire MB-NO015, Manitoba, Canada",,https://eonet.gsfc.nasa.gov/api/v2.1/events/EONET_5532,8,Wildfires,MBFIRE,http://www.gov.mb.ca/sd/fire/Fire-Statistic/2021/MBFIRE21.txt,2021-07-09T00:00:00Z,Point,"[-100.9508, 55.7856]"
EONET_5564,"Wildfire MB-WE029, Manitoba, Canada",,https://eonet.gsfc.nasa.gov/api/v2.1/events/EONET_5564,8,Wildfires,MBFIRE,http://www.gov.mb.ca/sd/fire/Fire-Statistic/2021/MBFIRE21.txt,2021-07-09T00:00:00Z,Point,"[-100.9069, 54.415]"
EONET_5506,"Wildfires - Mendocino County (Broiler Fire), California, United States",,https://eonet.gsfc.nasa.gov/api/v2.1/events/EONET_5506,8,Wildfires,PDC,http://emops.pdc.org/emops/?hazard_id=126051,2021-07-08T16:32:00Z,Point,"[-123.23517, 39.25635]"
EONET_5504,"Wildfires - Asotin County (Dry Gulch Fire), Washington, United States",,https://eonet.gsfc.nasa.gov/api/v2.1/events/EONET_5504,8,Wildfires,PDC,http://emops.pdc.org/emops/?hazard_id=126050,2021-07-08T16:28:00Z,Point,"[-117.35373, 46.2923]"
EONET_5507,"Wildfires - British Columbia (Napier Lake Fire), Canada",,https://eonet.gsfc.nasa.gov/api/v2.1/events/EONET_5507,8,Wildfires,PDC,http://emops.pdc.org/emops/?hazard_id=126045,2021-07-08T16:18:00Z,Point,"[-120.30386, 50.40543]"
EONET_5508,"Wildfires - British Columbia (Bulkley Fire), Canada",,https://eonet.gsfc.nasa.gov/api/v2.1/events/EONET_5508,8,Wildfires,PDC,http://emops.pdc.org/emops/?hazard_id=126044,2021-07-08T16:08:00Z,Point,"[-126.14659, 54.40331]"
EONET_5521,"Wildfire MB-EA112, Manitoba, Canada",,https://eonet.gsfc.nasa.gov/api/v2.1/events/EONET_5521,8,Wildfires,MBFIRE,http://www.gov.mb.ca/sd/fire/Fire-Statistic/2021/MBFIRE21.txt,2021-07-08T00:00:00Z,Point,"[-95.1589, 50.7411]"
EONET_5537,"Wildfire MB-WE024, Manitoba, Canada",,https://eonet.gsfc.nasa.gov/api/v2.1/events/EONET_5537,8,Wildfires,MBFIRE,http://www.gov.mb.ca/sd/fire/Fire-Statistic/2021/MBFIRE21.txt,2021-07-08T00:00:00Z,Point,"[-99.9169, 53.9006]"
EONET_5488,"Wildfires - British Columbia (Churn Creek Protected Area Fire), Canada",,https://eonet.gsfc.nasa.gov/api/v2.1/events/EONET_5488,8,Wildfires,PDC,http://emops.pdc.org/emops/?hazard_id=125888,2021-07-06T19:52:00Z,Point,"[-122.2539, 51.44457]"
EONET_5490,"Wildfires - British Columbia (Si Lake Fire), Canada",,https://eonet.gsfc.nasa.gov/api/v2.1/events/EONET_5490,8,Wildfires,PDC,http://emops.pdc.org/emops/?hazard_id=125886,2021-07-06T19:48:00Z,Point,"[-121.09244, 51.48792]"
EONET_5492,"Wildfire - Spokane County (Andrus Fire), Washington, United States",,https://eonet.gsfc.nasa.gov/api/v2.1/events/EONET_5492,8,Wildfires,PDC,http://emops.pdc.org/emops/?hazard_id=125866,2021-07-06T15:43:00Z,Point,"[-117.5498, 47.54926]"
EONET_5510,"Wildfire MB-WE022, Manitoba, Canada",,https://eonet.gsfc.nasa.gov/api/v2.1/events/EONET_5510,8,Wildfires,MBFIRE,http://www.gov.mb.ca/sd/fire/Fire-Statistic/2021/MBFIRE21.txt,2021-07-04T00:00:00Z,Point,"[-100.5422, 52.1158]"
EONET_5469,"Wildfire - Wasco County (Sunset Fire), Oregon, United States",,https://eonet.gsfc.nasa.gov/api/v2.1/events/EONET_5469,8,Wildfires,PDC,http://emops.pdc.org/emops/?hazard_id=125784,2021-07-02T17:45:00Z,Point,"[-121.11953, 45.57376]"
EONET_5471,"Wildfires - British Columbia (Merry Creek Fire), Canada",,https://eonet.gsfc.nasa.gov/api/v2.1/events/EONET_5471,8,Wildfires,PDC,http://emops.pdc.org/emops/?hazard_id=125781,2021-07-02T17:34:00Z,Point,"[-117.67113, 49.27913]"
EONET_5472,"Wildfires - British Columbia (G80997  Fire), Canada",,https://eonet.gsfc.nasa.gov/api/v2.1/events/EONET_5472,8,Wildfires,PDC,http://emops.pdc.org/emops/?hazard_id=125780,2021-07-02T17:30:00Z,Point,"[-123.03998, 57.48322]"
EONET_5468,"Wildfires - British Columbia (C41102  Fire), Canada",,https://eonet.gsfc.nasa.gov/api/v2.1/events/EONET_5468,8,Wildfires,PDC,http://emops.pdc.org/emops/?hazard_id=125779,2021-07-02T17:25:00Z,Point,"[-120.87633, 51.58945]"
EONET_5519,"Wildfire MB-EA101, Manitoba, Canada",,https://eonet.gsfc.nasa.gov/api/v2.1/events/EONET_5519,8,Wildfires,MBFIRE,http://www.gov.mb.ca/sd/fire/Fire-Statistic/2021/MBFIRE21.txt,2021-06-30T00:00:00Z,Point,"[-95.5394, 52.8214]"
EONET_5520,"Wildfire MB-EA102, Manitoba, Canada",,https://eonet.gsfc.nasa.gov/api/v2.1/events/EONET_5520,8,Wildfires,MBFIRE,http://www.gov.mb.ca/sd/fire/Fire-Statistic/2021/MBFIRE21.txt,2021-06-30T00:00:00Z,Point,"[-95.4881, 52.7642]"
EONET_5481,"Wildfire MB-EA091, Manitoba, Canada",,https://eonet.gsfc.nasa.gov/api/v2.1/events/EONET_5481,8,Wildfires,MBFIRE,http://www.gov.mb.ca/sd/fire/Fire-Statistic/2021/MBFIRE21.txt,2021-06-27T00:00:00Z,Point,"[-96.7283, 52.7189]"
EONET_5387,Iceberg D29A,,https://eonet.gsfc.nasa.gov/api/v2.1/events/EONET_5387,15,Sea and Lake Ice,NATICE,https://usicecenter.gov/pub/Iceberg_Tabular.csv,2021-06-11T00:00:00Z,Point,"[21.67, -69.77]"
EONET_5388,Iceberg D29B,,https://eonet.gsfc.nasa.gov/api/v2.1/events/EONET_5388,15,Sea and Lake Ice,NATICE,https://usicecenter.gov/pub/Iceberg_Tabular.csv,2021-06-11T00:00:00Z,Point,"[22.16, -69.96]"
EONET_5389,Iceberg D29C,,https://eonet.gsfc.nasa.gov/api/v2.1/events/EONET_5389,15,Sea and Lake Ice,NATICE,https://usicecenter.gov/pub/Iceberg_Tabular.csv,2021-06-11T00:00:00Z,Point,"[22.15, -69.77]"
EONET_5390,Iceberg D30A,,https://eonet.gsfc.nasa.gov/api/v2.1/events/EONET_5390,15,Sea and Lake Ice,NATICE,https://usicecenter.gov/pub/Iceberg_Tabular.csv,2021-06-11T00:00:00Z,Point,"[18.59, -69.46]"
EONET_5391,Iceberg D30B,,https://eonet.gsfc.nasa.gov/api/v2.1/events/EONET_5391,15,Sea and Lake Ice,NATICE,https://usicecenter.gov/pub/Iceberg_Tabular.csv,2021-06-11T00:00:00Z,Point,"[19.7, -69.79]"
EONET_5358,Iceberg A76B,,https://eonet.gsfc.nasa.gov/api/v2.1/events/EONET_5358,15,Sea and Lake Ice,NATICE,https://usicecenter.gov/Products/AntarcIcebergs,2021-05-28T00:00:00Z,Point,"[-57.49, -75.09]"
EONET_5359,Iceberg A76C,,https://eonet.gsfc.nasa.gov/api/v2.1/events/EONET_5359,15,Sea and Lake Ice,NATICE,https://usicecenter.gov/Products/AntarcIcebergs,2021-05-28T00:00:00Z,Point,"[-57.04, -75.57]"
EONET_5202,"Merapi Volcano, Indonesia",,https://eonet.gsfc.nasa.gov/api/v2.1/events/EONET_5202,12,Volcanoes,SIVolcano,http://volcano.si.edu/volcano.cfm?vn=263250,2021-01-07T00:00:00Z,Point,"[110.446, -7.54]"
EONET_4768,"Suwanosejima Volcano, Japan",,https://eonet.gsfc.nasa.gov/api/v2.1/events/EONET_4768,12,Volcanoes,SIVolcano,http://volcano.si.edu/volcano.cfm?vn=282030,2020-07-12T00:00:00Z,Point,"[129.71, 29.63]"
EONET_4624,"Santa Maria Volcano, Guatemala",,https://eonet.gsfc.nasa.gov/api/v2.1/events/EONET_4624,12,Volcanoes,SIVolcano,http://volcano.si.edu/volcano.cfm?vn=342030,2020-03-18T00:00:00Z,Point,"[-91.552, 14.757]"
EONET_4561,"Semeru Volcano, Indonesia",,https://eonet.gsfc.nasa.gov/api/v2.1/events/EONET_4561,12,Volcanoes,SIVolcano,http://volcano.si.edu/volcano.cfm?vn=263300,2020-01-18T00:00:00Z,Point,"[112.922, -8.108]"
EONET_4440,Iceberg D28,,https://eonet.gsfc.nasa.gov/api/v2.1/events/EONET_4440,15,Sea and Lake Ice,EO,https://earthobservatory.nasa.gov/images/145680/rifting-and-calving-on-the-amery-ice-shelf,2019-09-27T00:00:00Z,Point,"[72.21, -68.55]"
EONET_4431,Iceberg B47,,https://eonet.gsfc.nasa.gov/api/v2.1/events/EONET_4431,15,Sea and Lake Ice,NATICE,https://usicecenter.gov/pub/Iceberg_Tabular.csv,2019-09-20T00:00:00Z,Point,"[-130.28, -74.27]"
EONET_4269,"Reventador Volcano, Ecuador",,https://eonet.gsfc.nasa.gov/api/v2.1/events/EONET_4269,12,Volcanoes,SIVolcano,http://volcano.si.edu/volcano.cfm?vn=352010,2019-07-10T00:00:00Z,Point,"[-77.65, -0.07]"
EONET_4156,"Sangay Volcano, Ecuador",,https://eonet.gsfc.nasa.gov/api/v2.1/events/EONET_4156,12,Volcanoes,SIVolcano,http://volcano.si.edu/volcano.cfm?vn=352090,2019-03-26T09:19:10Z,Point,"[-78.341, -2.005]"
EONET_4129,Iceberg B38,,https://eonet.gsfc.nasa.gov/api/v2.1/events/EONET_4129,15,Sea and Lake Ice,NATICE,https://usicecenter.gov/pub/Iceberg_Tabular.csv,2019-03-13T00:00:00Z,Point,"[-155.05, -77]"
EONET_4130,Iceberg B39,,https://eonet.gsfc.nasa.gov/api/v2.1/events/EONET_4130,15,Sea and Lake Ice,NATICE,https://usicecenter.gov/pub/Iceberg_Tabular.csv,2019-03-13T00:00:00Z,Point,"[117.66, -65.55]"
EONET_4132,Iceberg B45,,https://eonet.gsfc.nasa.gov/api/v2.1/events/EONET_4132,15,Sea and Lake Ice,NATICE,https://usicecenter.gov/pub/Iceberg_Tabular.csv,2019-03-13T00:00:00Z,Point,"[-109.37, -74.7]"
EONET_4133,Iceberg C18B,,https://eonet.gsfc.nasa.gov/api/v2.1/events/EONET_4133,15,Sea and Lake Ice,NATICE,https://usicecenter.gov/pub/Iceberg_Tabular.csv,2019-03-13T00:00:00Z,Point,"[113.9, -65.47]"
EONET_4134,Iceberg C24,,https://eonet.gsfc.nasa.gov/api/v2.1/events/EONET_4134,15,Sea and Lake Ice,NATICE,https://usicecenter.gov/pub/Iceberg_Tabular.csv,2019-03-13T00:00:00Z,Point,"[96.02, -64.84]"
EONET_4135,Iceberg C29,,https://eonet.gsfc.nasa.gov/api/v2.1/events/EONET_4135,15,Sea and Lake Ice,NATICE,https://usicecenter.gov/pub/Iceberg_Tabular.csv,2019-03-13T00:00:00Z,Point,"[142.85, -66.1]"
EONET_4136,Iceberg C30,,https://eonet.gsfc.nasa.gov/api/v2.1/events/EONET_4136,15,Sea and Lake Ice,NATICE,https://usicecenter.gov/pub/Iceberg_Tabular.csv,2019-03-13T00:00:00Z,Point,"[96.3, -64.78]"
EONET_4137,Iceberg C31,,https://eonet.gsfc.nasa.gov/api/v2.1/events/EONET_4137,15,Sea and Lake Ice,NATICE,https://usicecenter.gov/pub/Iceberg_Tabular.csv,2019-03-13T00:00:00Z,Point,"[96.52, -64.69]"
EONET_4139,Iceberg C33,,https://eonet.gsfc.nasa.gov/api/v2.1/events/EONET_4139,15,Sea and Lake Ice,NATICE,https://usicecenter.gov/pub/Iceberg_Tabular.csv,2019-03-13T00:00:00Z,Point,"[153.54, -68.1]"
EONET_4140,Iceberg C35,,https://eonet.gsfc.nasa.gov/api/v2.1/events/EONET_4140,15,Sea and Lake Ice,NATICE,https://usicecenter.gov/pub/Iceberg_Tabular.csv,2019-03-13T00:00:00Z,Point,"[148.2, -68.26]"
EONET_4143,Iceberg D23,,https://eonet.gsfc.nasa.gov/api/v2.1/events/EONET_4143,15,Sea and Lake Ice,NATICE,https://usicecenter.gov/pub/Iceberg_Tabular.csv,2019-03-13T00:00:00Z,Point,"[74.65, -69.43]"
EONET_4145,Iceberg D27,,https://eonet.gsfc.nasa.gov/api/v2.1/events/EONET_4145,15,Sea and Lake Ice,NATICE,https://usicecenter.gov/pub/Iceberg_Tabular.csv,2019-03-13T00:00:00Z,Point,"[81.86, -67.27]"
EONET_4122,Iceberg B09G,,https://eonet.gsfc.nasa.gov/api/v2.1/events/EONET_4122,15,Sea and Lake Ice,NATICE,https://usicecenter.gov/pub/Iceberg_Tabular.csv,2019-03-12T00:00:00Z,Point,"[41.71, -67.97]"
EONET_4125,Iceberg B15AB,,https://eonet.gsfc.nasa.gov/api/v2.1/events/EONET_4125,15,Sea and Lake Ice,NATICE,https://usicecenter.gov/pub/Iceberg_Tabular.csv,2019-03-12T00:00:00Z,Point,"[51.31, -65.98]"
EONET_4127,Iceberg B29,,https://eonet.gsfc.nasa.gov/api/v2.1/events/EONET_4127,15,Sea and Lake Ice,NATICE,https://usicecenter.gov/pub/Iceberg_Tabular.csv,2019-03-12T00:00:00Z,Point,"[-108.91, -74.54]"
EONET_4089,Iceberg C36,,https://eonet.gsfc.nasa.gov/api/v2.1/events/EONET_4089,15,Sea and Lake Ice,NATICE,https://usicecenter.gov/pub/Iceberg_Tabular.csv,2019-02-11T00:00:00Z,Point,"[147.83, -68.13]"
EONET_4031,Iceberg B46,,https://eonet.gsfc.nasa.gov/api/v2.1/events/EONET_4031,15,Sea and Lake Ice,EO,https://earthobservatory.nasa.gov/images/144212/pine-island-glacier-quickly-drops-another-iceberg,2018-11-09T00:00:00Z,Point,"[-101.27, -75.04]"
EONET_2654,"Sabancaya Volcano, Peru",,https://eonet.gsfc.nasa.gov/api/v2.1/events/EONET_2654,12,Volcanoes,EO,https://earthobservatory.nasa.gov/NaturalHazards/event.php?id=90273,2016-11-07T00:00:00Z,Point,"[-71.85, -15.78]"
EONET_2871,Iceberg D15B,D15B calved from D15 in January 2016.,https://eonet.gsfc.nasa.gov/api/v2.1/events/EONET_2871,15,Sea and Lake Ice,BYU_ICE,http://www.scp.byu.edu/data/iceberg/ascat/d15b.ascat,2016-02-01T00:00:00Z,Point,"[81.633, -67.0]"
EONET_2870,Iceberg D15A,D15A calved from D15 in January 2016.,https://eonet.gsfc.nasa.gov/api/v2.1/events/EONET_2870,15,Sea and Lake Ice,BYU_ICE,http://www.scp.byu.edu/data/iceberg/ascat/d15a.ascat,2016-01-31T00:00:00Z,Point,"[81.9167, -66.7]"
EONET_2734,Iceberg A23A,,https://eonet.gsfc.nasa.gov/api/v2.1/events/EONET_2734,15,Sea and Lake Ice,BYU_ICE,http://www.scp.byu.edu/data/iceberg/ascat/a23a.ascat,2011-08-30T00:00:00Z,Point,"[-41.4727, -75.8853]"
EONET_2736,Iceberg B22A,,https://eonet.gsfc.nasa.gov/api/v2.1/events/EONET_2736,15,Sea and Lake Ice,BYU_ICE,http://www.scp.byu.edu/data/iceberg/ascat/b22a.ascat,2011-08-30T00:00:00Z,Point,"[-108.5265, -74.2006]"
EONET_2876,Iceberg C15,,https://eonet.gsfc.nasa.gov/api/v2.1/events/EONET_2876,15,Sea and Lake Ice,BYU_ICE,http://www.scp.byu.edu/data/iceberg/ascat/c15.ascat,2011-08-30T00:00:00Z,Point,"[146.7084, -67.6323]"
EONET_2878,Iceberg B09B,,https://eonet.gsfc.nasa.gov/api/v2.1/events/EONET_2878,15,Sea and Lake Ice,BYU_ICE,http://www.scp.byu.edu/data/iceberg/ascat/b09b.ascat,2011-08-30T00:00:00Z,Point,"[143.3638, -66.366]"
EONET_2879,Iceberg D20A,,https://eonet.gsfc.nasa.gov/api/v2.1/events/EONET_2879,15,Sea and Lake Ice,BYU_ICE,http://www.scp.byu.edu/data/iceberg/ascat/d20a.ascat,2011-08-30T00:00:00Z,Point,"[36.9008, -69.2625]"
EONET_2997,Iceberg C21B,,https://eonet.gsfc.nasa.gov/api/v2.1/events/EONET_2997,15,Sea and Lake Ice,BYU_ICE,http://www.scp.byu.edu/data/iceberg/ascat/c21b.ascat,2011-08-30T00:00:00Z,Point,"[96.18, -64.9955]"
EONET_980,"Fuego Volcano, Guatemala",,https://eonet.gsfc.nasa.gov/api/v2.1/events/EONET_980,12,Volcanoes,CEMS,http://emergency.copernicus.eu/mapping/list-of-components/EMSR289,2002-01-04T00:00:00Z,Point,"[-90.88, 14.473]"
